Copyright 1986-2022 Xilinx, Inc. All Rights Reserved. Copyright 2022-2025 Advanced Micro Devices, Inc. All Rights Reserved.
---------------------------------------------------------------------------------------------------------------------------------------------
| Tool Version : Vivado v.2025.2 (win64) Build 6299465 Fri Nov 14 19:35:11 GMT 2025
| Date         : Thu Oct  8 11:03:12 2026
| Host         : HK running 64-bit major release  (build 9200)
| Command      : report_timing_summary -max_paths 10 -file C:/Users/hanse/Documents/FPGA/ANTI_TEMPER/reports/full_timing_routed.rpt
| Design       : top
| Device       : 7a100t-csg324
| Speed File   : -1  PRODUCTION 1.23 2018-06-13
| Design State : Routed
---------------------------------------------------------------------------------------------------------------------------------------------

Timing Summary Report

------------------------------------------------------------------------------------------------
| Timer Settings
| --------------
------------------------------------------------------------------------------------------------

  Enable Multi Corner Analysis               :  Yes
  Enable Pessimism Removal                   :  Yes
  Pessimism Removal Resolution               :  Nearest Common Node
  Enable Input Delay Default Clock           :  No
  Enable Preset / Clear Arcs                 :  No
  Disable Flight Delays                      :  No
  Ignore I/O Paths                           :  No
  Timing Early Launch at Borrowing Latches   :  No
  Borrow Time for Max Delay Exceptions       :  Yes
  Merge Timing Exceptions                    :  Yes
  Inter-SLR Compensation                     :  Conservative

  Corner  Analyze    Analyze    
  Name    Max Paths  Min Paths  
  ------  ---------  ---------  
  Slow    Yes        Yes        
  Fast    Yes        Yes        


------------------------------------------------------------------------------------------------
| Report Methodology
| ------------------
------------------------------------------------------------------------------------------------

No report available as report_methodology has not been run prior. Run report_methodology on the current design for the summary of methodology violations.



check_timing report

Table of Contents
-----------------
1. checking no_clock (0)
2. checking constant_clock (0)
3. checking pulse_width_clock (0)
4. checking unconstrained_internal_endpoints (0)
5. checking no_input_delay (11)
6. checking no_output_delay (31)
7. checking multiple_clock (0)
8. checking generated_clocks (0)
9. checking loops (0)
10. checking partial_input_delay (0)
11. checking partial_output_delay (0)
12. checking latch_loops (0)

1. checking no_clock (0)
------------------------
 There are 0 register/latch pins with no clock.


2. checking constant_clock (0)
------------------------------
 There are 0 register/latch pins with constant_clock.


3. checking pulse_width_clock (0)
---------------------------------
 There are 0 register/latch pins which need pulse_width check


4. checking unconstrained_internal_endpoints (0)
------------------------------------------------
 There are 0 pins that are not constrained for maximum delay.

 There are 0 pins that are not constrained for maximum delay due to constant clock.


5. checking no_input_delay (11)
-------------------------------
 There are 11 input ports with no input delay specified. (HIGH)

 There are 0 input ports with no input delay but user has a false path constraint.


6. checking no_output_delay (31)
--------------------------------
 There are 31 ports with no output delay specified. (HIGH)

 There are 0 ports with no output delay but user has a false path constraint

 There are 0 ports with no output delay but with a timing clock defined on it or propagating through it


7. checking multiple_clock (0)
------------------------------
 There are 0 register/latch pins with multiple clocks.


8. checking generated_clocks (0)
--------------------------------
 There are 0 generated clocks that are not connected to a clock source.


9. checking loops (0)
---------------------
 There are 0 combinational loops in the design.


10. checking partial_input_delay (0)
------------------------------------
 There are 0 input ports with partial input delay specified.


11. checking partial_output_delay (0)
-------------------------------------
 There are 0 ports with partial output delay specified.


12. checking latch_loops (0)
----------------------------
 There are 0 combinational latch loops in the design through latch input



------------------------------------------------------------------------------------------------
| Design Timing Summary
| ---------------------
------------------------------------------------------------------------------------------------

    WNS(ns)      TNS(ns)  TNS Failing Endpoints  TNS Total Endpoints      WHS(ns)      THS(ns)  THS Failing Endpoints  THS Total Endpoints     WPWS(ns)     TPWS(ns)  TPWS Failing Endpoints  TPWS Total Endpoints  
    -------      -------  ---------------------  -------------------      -------      -------  ---------------------  -------------------     --------     --------  ----------------------  --------------------  
      0.337        0.000                      0                 2142        0.078        0.000                      0                 2142        2.500        0.000                       0                   953  


All user specified timing constraints are met.


------------------------------------------------------------------------------------------------
| Clock Summary
| -------------
------------------------------------------------------------------------------------------------

Clock            Waveform(ns)       Period(ns)      Frequency(MHz)
-----            ------------       ----------      --------------
sys_clk_pin      {0.000 5.000}      10.000          100.000         
  clk100_unbuf   {0.000 5.000}      10.000          100.000         
  clkcore_unbuf  {0.000 20.000}     40.000          25.000          
  clkfb_out      {0.000 5.000}      10.000          100.000         


------------------------------------------------------------------------------------------------
| Intra Clock Table
| -----------------
------------------------------------------------------------------------------------------------

Clock                WNS(ns)      TNS(ns)  TNS Failing Endpoints  TNS Total Endpoints      WHS(ns)      THS(ns)  THS Failing Endpoints  THS Total Endpoints     WPWS(ns)     TPWS(ns)  TPWS Failing Endpoints  TPWS Total Endpoints  
-----                -------      -------  ---------------------  -------------------      -------      -------  ---------------------  -------------------     --------     --------  ----------------------  --------------------  
sys_clk_pin                                                                                                                                                        2.500        0.000                       0                     2  
  clk100_unbuf         0.506        0.000                      0                 1939        0.078        0.000                      0                 1939        4.500        0.000                       0                   865  
  clkcore_unbuf       35.726        0.000                      0                  191        0.143        0.000                      0                  191       19.500        0.000                       0                    83  
  clkfb_out                                                                                                                                                        7.845        0.000                       0                     3  


------------------------------------------------------------------------------------------------
| Inter Clock Table
| -----------------
------------------------------------------------------------------------------------------------

From Clock    To Clock          WNS(ns)      TNS(ns)  TNS Failing Endpoints  TNS Total Endpoints      WHS(ns)      THS(ns)  THS Failing Endpoints  THS Total Endpoints  
----------    --------          -------      -------  ---------------------  -------------------      -------      -------  ---------------------  -------------------  
clk100_unbuf  sys_clk_pin         0.337        0.000                      0                   12        1.609        0.000                      0                   12  
sys_clk_pin   clk100_unbuf        1.695        0.000                      0                   34        2.721        0.000                      0                   34  


------------------------------------------------------------------------------------------------
| Other Path Groups Table
| -----------------------
------------------------------------------------------------------------------------------------

Path Group    From Clock    To Clock          WNS(ns)      TNS(ns)  TNS Failing Endpoints  TNS Total Endpoints      WHS(ns)      THS(ns)  THS Failing Endpoints  THS Total Endpoints  
----------    ----------    --------          -------      -------  ---------------------  -------------------      -------      -------  ---------------------  -------------------  


------------------------------------------------------------------------------------------------
| Timing Details
| --------------
------------------------------------------------------------------------------------------------


---------------------------------------------------------------------------------------------------
From Clock:  sys_clk_pin
  To Clock:  sys_clk_pin

Setup :           NA  Failing Endpoints,  Worst Slack           NA  ,  Total Violation           NA
Hold  :           NA  Failing Endpoints,  Worst Slack           NA  ,  Total Violation           NA
PW    :            0  Failing Endpoints,  Worst Slack        2.500ns,  Total Violation        0.000ns
---------------------------------------------------------------------------------------------------


Pulse Width Checks
--------------------------------------------------------------------------------------
Clock Name:         sys_clk_pin
Waveform(ns):       { 0.000 5.000 }
Period(ns):         10.000
Sources:            { CLK100MHZ }

Check Type        Corner  Lib Pin            Reference Pin  Required(ns)  Actual(ns)  Slack(ns)  Location         Pin
Min Period        n/a     MMCME2_ADV/DCLK    n/a            4.999         10.000      5.001      MMCME2_ADV_X1Y2  u_clk_gen/mmcm_inst/DCLK
Min Period        n/a     MMCME2_ADV/CLKIN1  n/a            1.249         10.000      8.751      MMCME2_ADV_X1Y2  u_clk_gen/mmcm_inst/CLKIN1
Max Period        n/a     MMCME2_ADV/CLKIN1  n/a            100.000       10.000      90.000     MMCME2_ADV_X1Y2  u_clk_gen/mmcm_inst/CLKIN1
Low Pulse Width   Slow    MMCME2_ADV/DCLK    n/a            2.499         5.000       2.501      MMCME2_ADV_X1Y2  u_clk_gen/mmcm_inst/DCLK
Low Pulse Width   Fast    MMCME2_ADV/DCLK    n/a            2.499         5.000       2.501      MMCME2_ADV_X1Y2  u_clk_gen/mmcm_inst/DCLK
Low Pulse Width   Slow    MMCME2_ADV/CLKIN1  n/a            2.000         5.000       3.000      MMCME2_ADV_X1Y2  u_clk_gen/mmcm_inst/CLKIN1
Low Pulse Width   Fast    MMCME2_ADV/CLKIN1  n/a            2.000         5.000       3.000      MMCME2_ADV_X1Y2  u_clk_gen/mmcm_inst/CLKIN1
High Pulse Width  Slow    MMCME2_ADV/DCLK    n/a            2.499         5.000       2.501      MMCME2_ADV_X1Y2  u_clk_gen/mmcm_inst/DCLK
High Pulse Width  Fast    MMCME2_ADV/DCLK    n/a            2.499         5.000       2.501      MMCME2_ADV_X1Y2  u_clk_gen/mmcm_inst/DCLK
High Pulse Width  Slow    MMCME2_ADV/CLKIN1  n/a            2.000         5.000       3.000      MMCME2_ADV_X1Y2  u_clk_gen/mmcm_inst/CLKIN1
High Pulse Width  Fast    MMCME2_ADV/CLKIN1  n/a            2.000         5.000       3.000      MMCME2_ADV_X1Y2  u_clk_gen/mmcm_inst/CLKIN1



---------------------------------------------------------------------------------------------------
From Clock:  clk100_unbuf
  To Clock:  clk100_unbuf

Setup :            0  Failing Endpoints,  Worst Slack        0.506ns,  Total Violation        0.000ns
Hold  :            0  Failing Endpoints,  Worst Slack        0.078ns,  Total Violation        0.000ns
PW    :            0  Failing Endpoints,  Worst Slack        4.500ns,  Total Violation        0.000ns
---------------------------------------------------------------------------------------------------


Max Delay Paths
--------------------------------------------------------------------------------------
Slack (MET) :             0.506ns  (required time - arrival time)
  Source:                 u_snn_lif/delta_pipe_reg[2][2]/C
                            (rising edge-triggered cell FDRE clocked by clk100_unbuf  {rise@0.000ns fall@5.000ns period=10.000ns})
  Destination:            u_snn_lif/v_mem_reg[2][14]/D
                            (rising edge-triggered cell FDRE clocked by clk100_unbuf  {rise@0.000ns fall@5.000ns period=10.000ns})
  Path Group:             clk100_unbuf
  Path Type:              Setup (Max at Slow Process Corner)
  Requirement:            10.000ns  (clk100_unbuf rise@10.000ns - clk100_unbuf rise@0.000ns)
  Data Path Delay:        9.423ns  (logic 5.033ns (53.413%)  route 4.390ns (46.587%))
  Logic Levels:           14  (CARRY4=9 LUT2=2 LUT3=1 LUT5=1 LUT6=1)
  Clock Path Skew:        -0.027ns (DCD - SCD + CPR)
    Destination Clock Delay (DCD):    -1.518ns = ( 8.482 - 10.000 ) 
    Source Clock Delay      (SCD):    -0.914ns
    Clock Pessimism Removal (CPR):    0.577ns
  Clock Uncertainty:      0.074ns  ((TSJ^2 + DJ^2)^1/2) / 2 + PE
    Total System Jitter     (TSJ):    0.071ns
    Discrete Jitter          (DJ):    0.129ns
    Phase Error              (PE):    0.000ns

    Location             Delay type                Incr(ns)  Path(ns)    Netlist Resource(s)
  -------------------------------------------------------------------    -------------------
                         (clock clk100_unbuf rise edge)
                                                      0.000     0.000 r  
    E3                                                0.000     0.000 r  CLK100MHZ (IN)
                         net (fo=0)                   0.000     0.000    CLK100MHZ
    E3                   IBUF (Prop_ibuf_I_O)         1.482     1.482 r  CLK100MHZ_IBUF_inst/O
                         net (fo=2, routed)           1.233     2.715    u_clk_gen/clk100mhz_in
    MMCME2_ADV_X1Y2      MMCME2_ADV (Prop_mmcme2_adv_CLKIN1_CLKOUT1)
                                                     -7.070    -4.355 r  u_clk_gen/mmcm_inst/CLKOUT1
                         net (fo=1, routed)           1.719    -2.636    u_clk_gen/clk100_unbuf
    BUFGCTRL_X0Y16       BUFG (Prop_bufg_I_O)         0.096    -2.540 r  u_clk_gen/bufg_100/O
                         net (fo=863, routed)         1.626    -0.914    u_snn_lif/clk100
    SLICE_X30Y101        FDRE                                         r  u_snn_lif/delta_pipe_reg[2][2]/C
  -------------------------------------------------------------------    -------------------
    SLICE_X30Y101        FDRE (Prop_fdre_C_Q)         0.518    -0.396 r  u_snn_lif/delta_pipe_reg[2][2]/Q
                         net (fo=1, routed)           0.566     0.170    u_snn_lif/delta_pipe_reg[2]_2[2]
    SLICE_X32Y103        LUT2 (Prop_lut2_I1_O)        0.124     0.294 r  u_snn_lif/v_mem[2][4]_i_5/O
                         net (fo=1, routed)           0.000     0.294    u_snn_lif/v_mem[2][4]_i_5_n_0
    SLICE_X32Y103        CARRY4 (Prop_carry4_S[1]_CO[3])
                                                      0.550     0.844 r  u_snn_lif/v_mem_reg[2][4]_i_2/CO[3]
                         net (fo=1, routed)           0.000     0.844    u_snn_lif/v_mem_reg[2][4]_i_2_n_0
    SLICE_X32Y104        CARRY4 (Prop_carry4_CI_CO[3])
                                                      0.114     0.958 r  u_snn_lif/v_mem_reg[2][6]_i_4/CO[3]
                         net (fo=1, routed)           0.000     0.958    u_snn_lif/v_mem_reg[2][6]_i_4_n_0
    SLICE_X32Y105        CARRY4 (Prop_carry4_CI_CO[3])
                                                      0.114     1.072 r  u_snn_lif/v_mem_reg[2][12]_i_3/CO[3]
                         net (fo=1, routed)           0.000     1.072    u_snn_lif/v_mem_reg[2][12]_i_3_n_0
    SLICE_X32Y106        CARRY4 (Prop_carry4_CI_O[2])
                                                      0.239     1.311 r  u_snn_lif/v_mem_reg[2][14]_i_8/O[2]
                         net (fo=4, routed)           0.775     2.086    u_snn_lif/v_mem_reg[2][14]_i_8_n_5
    SLICE_X34Y105        LUT2 (Prop_lut2_I0_O)        0.302     2.388 r  u_snn_lif/v_mem[2][14]_i_40/O
                         net (fo=1, routed)           0.000     2.388    u_snn_lif/v_mem[2][14]_i_40_n_0
    SLICE_X34Y105        CARRY4 (Prop_carry4_S[0]_CO[1])
                                                      0.458     2.846 f  u_snn_lif/v_mem_reg[2][14]_i_9/CO[1]
                         net (fo=43, routed)          0.506     3.352    u_snn_lif/v_mem_reg[2][14]_i_9_n_2
    SLICE_X35Y105        LUT3 (Prop_lut3_I0_O)        0.332     3.684 r  u_snn_lif/v_mem[2][11]_i_5/O
                         net (fo=1, routed)           0.503     4.187    u_snn_lif/v_mem[2][11]_i_5_n_0
    SLICE_X29Y105        CARRY4 (Prop_carry4_CYINIT_CO[3])
                                                      0.580     4.767 r  u_snn_lif/v_mem_reg[2][11]_i_3/CO[3]
                         net (fo=1, routed)           0.000     4.767    u_snn_lif/v_mem_reg[2][11]_i_3_n_0
    SLICE_X29Y106        CARRY4 (Prop_carry4_CI_CO[3])
                                                      0.114     4.881 r  u_snn_lif/v_mem_reg[2][14]_i_6/CO[3]
                         net (fo=1, routed)           0.000     4.881    u_snn_lif/v_mem_reg[2][14]_i_6_n_0
    SLICE_X29Y107        CARRY4 (Prop_carry4_CI_CO[0])
                                                      0.271     5.152 r  u_snn_lif/v_mem_reg[2][15]_i_3/CO[0]
                         net (fo=3, routed)           0.612     5.764    u_snn_lif/v_mem_reg[2][15]_i_3_n_3
    SLICE_X28Y107        CARRY4 (Prop_carry4_S[1]_CO[1])
                                                      0.864     6.628 r  u_snn_lif/v_mem_reg[2][15]_i_4/CO[1]
                         net (fo=3, routed)           0.650     7.278    u_snn_lif/v_mem_reg[2][15]_i_4_n_2
    SLICE_X30Y108        LUT5 (Prop_lut5_I2_O)        0.329     7.607 r  u_snn_lif/v_mem[2][14]_i_3/O
                         net (fo=8, routed)           0.777     8.385    u_snn_lif/v_mem[2][14]_i_3_n_0
    SLICE_X32Y108        LUT6 (Prop_lut6_I1_O)        0.124     8.509 r  u_snn_lif/v_mem[2][14]_i_1/O
                         net (fo=1, routed)           0.000     8.509    u_snn_lif/v_mem[2][14]_i_1_n_0
    SLICE_X32Y108        FDRE                                         r  u_snn_lif/v_mem_reg[2][14]/D
  -------------------------------------------------------------------    -------------------

                         (clock clk100_unbuf rise edge)
                                                     10.000    10.000 r  
    E3                                                0.000    10.000 r  CLK100MHZ (IN)
                         net (fo=0)                   0.000    10.000    CLK100MHZ
    E3                   IBUF (Prop_ibuf_I_O)         1.411    11.411 r  CLK100MHZ_IBUF_inst/O
                         net (fo=2, routed)           1.162    12.573    u_clk_gen/clk100mhz_in
    MMCME2_ADV_X1Y2      MMCME2_ADV (Prop_mmcme2_adv_CLKIN1_CLKOUT1)
                                                     -7.324     5.249 r  u_clk_gen/mmcm_inst/CLKOUT1
                         net (fo=1, routed)           1.639     6.888    u_clk_gen/clk100_unbuf
    BUFGCTRL_X0Y16       BUFG (Prop_bufg_I_O)         0.091     6.979 r  u_clk_gen/bufg_100/O
                         net (fo=863, routed)         1.503     8.482    u_snn_lif/clk100
    SLICE_X32Y108        FDRE                                         r  u_snn_lif/v_mem_reg[2][14]/C
                         clock pessimism              0.577     9.059    
                         clock uncertainty           -0.074     8.985    
    SLICE_X32Y108        FDRE (Setup_fdre_C_D)        0.029     9.014    u_snn_lif/v_mem_reg[2][14]
  -------------------------------------------------------------------
                         required time                          9.014    
                         arrival time                          -8.509    
  -------------------------------------------------------------------
                         slack                                  0.506    

Slack (MET) :             0.509ns  (required time - arrival time)
  Source:                 u_snn_lif/v_mem_reg[1][0]/C
                            (rising edge-triggered cell FDRE clocked by clk100_unbuf  {rise@0.000ns fall@5.000ns period=10.000ns})
  Destination:            u_snn_lif/v_mem_reg[1][2]/D
                            (rising edge-triggered cell FDRE clocked by clk100_unbuf  {rise@0.000ns fall@5.000ns period=10.000ns})
  Path Group:             clk100_unbuf
  Path Type:              Setup (Max at Slow Process Corner)
  Requirement:            10.000ns  (clk100_unbuf rise@10.000ns - clk100_unbuf rise@0.000ns)
  Data Path Delay:        9.405ns  (logic 5.049ns (53.686%)  route 4.356ns (46.314%))
  Logic Levels:           15  (CARRY4=9 LUT1=1 LUT2=2 LUT3=1 LUT4=1 LUT6=1)
  Clock Path Skew:        -0.044ns (DCD - SCD + CPR)
    Destination Clock Delay (DCD):    -1.501ns = ( 8.499 - 10.000 ) 
    Source Clock Delay      (SCD):    -0.898ns
    Clock Pessimism Removal (CPR):    0.559ns
  Clock Uncertainty:      0.074ns  ((TSJ^2 + DJ^2)^1/2) / 2 + PE
    Total System Jitter     (TSJ):    0.071ns
    Discrete Jitter          (DJ):    0.129ns
    Phase Error              (PE):    0.000ns

    Location             Delay type                Incr(ns)  Path(ns)    Netlist Resource(s)
  -------------------------------------------------------------------    -------------------
                         (clock clk100_unbuf rise edge)
                                                      0.000     0.000 r  
    E3                                                0.000     0.000 r  CLK100MHZ (IN)
                         net (fo=0)                   0.000     0.000    CLK100MHZ
    E3                   IBUF (Prop_ibuf_I_O)         1.482     1.482 r  CLK100MHZ_IBUF_inst/O
                         net (fo=2, routed)           1.233     2.715    u_clk_gen/clk100mhz_in
    MMCME2_ADV_X1Y2      MMCME2_ADV (Prop_mmcme2_adv_CLKIN1_CLKOUT1)
                                                     -7.070    -4.355 r  u_clk_gen/mmcm_inst/CLKOUT1
                         net (fo=1, routed)           1.719    -2.636    u_clk_gen/clk100_unbuf
    BUFGCTRL_X0Y16       BUFG (Prop_bufg_I_O)         0.096    -2.540 r  u_clk_gen/bufg_100/O
                         net (fo=863, routed)         1.642    -0.898    u_snn_lif/clk100
    SLICE_X33Y97         FDRE                                         r  u_snn_lif/v_mem_reg[1][0]/C
  -------------------------------------------------------------------    -------------------
    SLICE_X33Y97         FDRE (Prop_fdre_C_Q)         0.456    -0.442 r  u_snn_lif/v_mem_reg[1][0]/Q
                         net (fo=11, routed)          0.606     0.164    u_snn_lif/v_membranes[1][0]
    SLICE_X35Y95         LUT2 (Prop_lut2_I0_O)        0.124     0.288 r  u_snn_lif/v_mem[1][3]_i_7/O
                         net (fo=1, routed)           0.000     0.288    u_snn_lif/v_mem[1][3]_i_7_n_0
    SLICE_X35Y95         CARRY4 (Prop_carry4_S[0]_CO[3])
                                                      0.532     0.820 r  u_snn_lif/v_mem_reg[1][3]_i_2/CO[3]
                         net (fo=1, routed)           0.000     0.820    u_snn_lif/v_mem_reg[1][3]_i_2_n_0
    SLICE_X35Y96         CARRY4 (Prop_carry4_CI_CO[3])
                                                      0.114     0.934 r  u_snn_lif/v_mem_reg[1][6]_i_4/CO[3]
                         net (fo=1, routed)           0.000     0.934    u_snn_lif/v_mem_reg[1][6]_i_4_n_0
    SLICE_X35Y97         CARRY4 (Prop_carry4_CI_CO[3])
                                                      0.114     1.048 r  u_snn_lif/v_mem_reg[1][11]_i_5/CO[3]
                         net (fo=1, routed)           0.000     1.048    u_snn_lif/v_mem_reg[1][11]_i_5_n_0
    SLICE_X35Y98         CARRY4 (Prop_carry4_CI_CO[3])
                                                      0.114     1.162 r  u_snn_lif/v_mem_reg[1][14]_i_8/CO[3]
                         net (fo=1, routed)           0.000     1.162    u_snn_lif/v_mem_reg[1][14]_i_8_n_0
    SLICE_X35Y99         CARRY4 (Prop_carry4_CI_CO[0])
                                                      0.271     1.433 f  u_snn_lif/v_mem_reg[1][14]_i_41/CO[0]
                         net (fo=7, routed)           0.476     1.909    u_snn_lif/v_mem_reg[1][14]_i_41_n_3
    SLICE_X36Y99         LUT1 (Prop_lut1_I0_O)        0.373     2.282 r  u_snn_lif/v_mem[1][14]_i_39/O
                         net (fo=1, routed)           0.000     2.282    u_snn_lif/v_mem[1][14]_i_39_n_0
    SLICE_X36Y99         CARRY4 (Prop_carry4_S[1]_CO[1])
                                                      0.491     2.773 f  u_snn_lif/v_mem_reg[1][14]_i_9/CO[1]
                         net (fo=43, routed)          0.688     3.461    u_snn_lif/v_mem_reg[1][14]_i_9_n_2
    SLICE_X35Y101        LUT3 (Prop_lut3_I0_O)        0.329     3.790 r  u_snn_lif/v_mem[1][11]_i_6/O
                         net (fo=1, routed)           0.522     4.312    u_snn_lif/v_mem[1][11]_i_6_n_0
    SLICE_X34Y99         CARRY4 (Prop_carry4_CYINIT_CO[3])
                                                      0.595     4.907 r  u_snn_lif/v_mem_reg[1][11]_i_3/CO[3]
                         net (fo=1, routed)           0.001     4.908    u_snn_lif/v_mem_reg[1][11]_i_3_n_0
    SLICE_X34Y100        CARRY4 (Prop_carry4_CI_O[3])
                                                      0.315     5.223 r  u_snn_lif/v_mem_reg[1][14]_i_6/O[3]
                         net (fo=4, routed)           0.630     5.853    u_snn_lif/v_mem_reg[1][14]_i_6_n_4
    SLICE_X34Y102        LUT2 (Prop_lut2_I0_O)        0.307     6.160 r  u_snn_lif/v_mem[1][14]_i_14/O
                         net (fo=1, routed)           0.000     6.160    u_snn_lif/v_mem[1][14]_i_14_n_0
    SLICE_X34Y102        CARRY4 (Prop_carry4_S[0]_CO[1])
                                                      0.458     6.618 f  u_snn_lif/v_mem_reg[1][14]_i_4/CO[1]
                         net (fo=11, routed)          0.694     7.312    u_snn_lif/v_mem_reg[1][14]_i_4_n_2
    SLICE_X33Y98         LUT4 (Prop_lut4_I3_O)        0.332     7.644 r  u_snn_lif/v_mem[1][6]_i_3/O
                         net (fo=7, routed)           0.739     8.383    u_snn_lif/v_mem[1][6]_i_3_n_0
    SLICE_X37Y96         LUT6 (Prop_lut6_I1_O)        0.124     8.507 r  u_snn_lif/v_mem[1][2]_i_1/O
                         net (fo=1, routed)           0.000     8.507    u_snn_lif/v_mem[1][2]_i_1_n_0
    SLICE_X37Y96         FDRE                                         r  u_snn_lif/v_mem_reg[1][2]/D
  -------------------------------------------------------------------    -------------------

                         (clock clk100_unbuf rise edge)
                                                     10.000    10.000 r  
    E3                                                0.000    10.000 r  CLK100MHZ (IN)
                         net (fo=0)                   0.000    10.000    CLK100MHZ
    E3                   IBUF (Prop_ibuf_I_O)         1.411    11.411 r  CLK100MHZ_IBUF_inst/O
                         net (fo=2, routed)           1.162    12.573    u_clk_gen/clk100mhz_in
    MMCME2_ADV_X1Y2      MMCME2_ADV (Prop_mmcme2_adv_CLKIN1_CLKOUT1)
                                                     -7.324     5.249 r  u_clk_gen/mmcm_inst/CLKOUT1
                         net (fo=1, routed)           1.639     6.888    u_clk_gen/clk100_unbuf
    BUFGCTRL_X0Y16       BUFG (Prop_bufg_I_O)         0.091     6.979 r  u_clk_gen/bufg_100/O
                         net (fo=863, routed)         1.519     8.499    u_snn_lif/clk100
    SLICE_X37Y96         FDRE                                         r  u_snn_lif/v_mem_reg[1][2]/C
                         clock pessimism              0.559     9.058    
                         clock uncertainty           -0.074     8.985    
    SLICE_X37Y96         FDRE (Setup_fdre_C_D)        0.031     9.016    u_snn_lif/v_mem_reg[1][2]
  -------------------------------------------------------------------
                         required time                          9.016    
                         arrival time                          -8.507    
  -------------------------------------------------------------------
                         slack                                  0.509    

Slack (MET) :             0.511ns  (required time - arrival time)
  Source:                 u_snn_lif/v_mem_reg[1][0]/C
                            (rising edge-triggered cell FDRE clocked by clk100_unbuf  {rise@0.000ns fall@5.000ns period=10.000ns})
  Destination:            u_snn_lif/v_mem_reg[1][1]/D
                            (rising edge-triggered cell FDRE clocked by clk100_unbuf  {rise@0.000ns fall@5.000ns period=10.000ns})
  Path Group:             clk100_unbuf
  Path Type:              Setup (Max at Slow Process Corner)
  Requirement:            10.000ns  (clk100_unbuf rise@10.000ns - clk100_unbuf rise@0.000ns)
  Data Path Delay:        9.401ns  (logic 5.049ns (53.708%)  route 4.352ns (46.292%))
  Logic Levels:           15  (CARRY4=9 LUT1=1 LUT2=2 LUT3=1 LUT4=1 LUT6=1)
  Clock Path Skew:        -0.044ns (DCD - SCD + CPR)
    Destination Clock Delay (DCD):    -1.501ns = ( 8.499 - 10.000 ) 
    Source Clock Delay      (SCD):    -0.898ns
    Clock Pessimism Removal (CPR):    0.559ns
  Clock Uncertainty:      0.074ns  ((TSJ^2 + DJ^2)^1/2) / 2 + PE
    Total System Jitter     (TSJ):    0.071ns
    Discrete Jitter          (DJ):    0.129ns
    Phase Error              (PE):    0.000ns

    Location             Delay type                Incr(ns)  Path(ns)    Netlist Resource(s)
  -------------------------------------------------------------------    -------------------
                         (clock clk100_unbuf rise edge)
                                                      0.000     0.000 r  
    E3                                                0.000     0.000 r  CLK100MHZ (IN)
                         net (fo=0)                   0.000     0.000    CLK100MHZ
    E3                   IBUF (Prop_ibuf_I_O)         1.482     1.482 r  CLK100MHZ_IBUF_inst/O
                         net (fo=2, routed)           1.233     2.715    u_clk_gen/clk100mhz_in
    MMCME2_ADV_X1Y2      MMCME2_ADV (Prop_mmcme2_adv_CLKIN1_CLKOUT1)
                                                     -7.070    -4.355 r  u_clk_gen/mmcm_inst/CLKOUT1
                         net (fo=1, routed)           1.719    -2.636    u_clk_gen/clk100_unbuf
    BUFGCTRL_X0Y16       BUFG (Prop_bufg_I_O)         0.096    -2.540 r  u_clk_gen/bufg_100/O
                         net (fo=863, routed)         1.642    -0.898    u_snn_lif/clk100
    SLICE_X33Y97         FDRE                                         r  u_snn_lif/v_mem_reg[1][0]/C
  -------------------------------------------------------------------    -------------------
    SLICE_X33Y97         FDRE (Prop_fdre_C_Q)         0.456    -0.442 r  u_snn_lif/v_mem_reg[1][0]/Q
                         net (fo=11, routed)          0.606     0.164    u_snn_lif/v_membranes[1][0]
    SLICE_X35Y95         LUT2 (Prop_lut2_I0_O)        0.124     0.288 r  u_snn_lif/v_mem[1][3]_i_7/O
                         net (fo=1, routed)           0.000     0.288    u_snn_lif/v_mem[1][3]_i_7_n_0
    SLICE_X35Y95         CARRY4 (Prop_carry4_S[0]_CO[3])
                                                      0.532     0.820 r  u_snn_lif/v_mem_reg[1][3]_i_2/CO[3]
                         net (fo=1, routed)           0.000     0.820    u_snn_lif/v_mem_reg[1][3]_i_2_n_0
    SLICE_X35Y96         CARRY4 (Prop_carry4_CI_CO[3])
                                                      0.114     0.934 r  u_snn_lif/v_mem_reg[1][6]_i_4/CO[3]
                         net (fo=1, routed)           0.000     0.934    u_snn_lif/v_mem_reg[1][6]_i_4_n_0
    SLICE_X35Y97         CARRY4 (Prop_carry4_CI_CO[3])
                                                      0.114     1.048 r  u_snn_lif/v_mem_reg[1][11]_i_5/CO[3]
                         net (fo=1, routed)           0.000     1.048    u_snn_lif/v_mem_reg[1][11]_i_5_n_0
    SLICE_X35Y98         CARRY4 (Prop_carry4_CI_CO[3])
                                                      0.114     1.162 r  u_snn_lif/v_mem_reg[1][14]_i_8/CO[3]
                         net (fo=1, routed)           0.000     1.162    u_snn_lif/v_mem_reg[1][14]_i_8_n_0
    SLICE_X35Y99         CARRY4 (Prop_carry4_CI_CO[0])
                                                      0.271     1.433 f  u_snn_lif/v_mem_reg[1][14]_i_41/CO[0]
                         net (fo=7, routed)           0.476     1.909    u_snn_lif/v_mem_reg[1][14]_i_41_n_3
    SLICE_X36Y99         LUT1 (Prop_lut1_I0_O)        0.373     2.282 r  u_snn_lif/v_mem[1][14]_i_39/O
                         net (fo=1, routed)           0.000     2.282    u_snn_lif/v_mem[1][14]_i_39_n_0
    SLICE_X36Y99         CARRY4 (Prop_carry4_S[1]_CO[1])
                                                      0.491     2.773 f  u_snn_lif/v_mem_reg[1][14]_i_9/CO[1]
                         net (fo=43, routed)          0.688     3.461    u_snn_lif/v_mem_reg[1][14]_i_9_n_2
    SLICE_X35Y101        LUT3 (Prop_lut3_I0_O)        0.329     3.790 r  u_snn_lif/v_mem[1][11]_i_6/O
                         net (fo=1, routed)           0.522     4.312    u_snn_lif/v_mem[1][11]_i_6_n_0
    SLICE_X34Y99         CARRY4 (Prop_carry4_CYINIT_CO[3])
                                                      0.595     4.907 r  u_snn_lif/v_mem_reg[1][11]_i_3/CO[3]
                         net (fo=1, routed)           0.001     4.908    u_snn_lif/v_mem_reg[1][11]_i_3_n_0
    SLICE_X34Y100        CARRY4 (Prop_carry4_CI_O[3])
                                                      0.315     5.223 r  u_snn_lif/v_mem_reg[1][14]_i_6/O[3]
                         net (fo=4, routed)           0.630     5.853    u_snn_lif/v_mem_reg[1][14]_i_6_n_4
    SLICE_X34Y102        LUT2 (Prop_lut2_I0_O)        0.307     6.160 r  u_snn_lif/v_mem[1][14]_i_14/O
                         net (fo=1, routed)           0.000     6.160    u_snn_lif/v_mem[1][14]_i_14_n_0
    SLICE_X34Y102        CARRY4 (Prop_carry4_S[0]_CO[1])
                                                      0.458     6.618 f  u_snn_lif/v_mem_reg[1][14]_i_4/CO[1]
                         net (fo=11, routed)          0.694     7.312    u_snn_lif/v_mem_reg[1][14]_i_4_n_2
    SLICE_X33Y98         LUT4 (Prop_lut4_I3_O)        0.332     7.644 r  u_snn_lif/v_mem[1][6]_i_3/O
                         net (fo=7, routed)           0.735     8.379    u_snn_lif/v_mem[1][6]_i_3_n_0
    SLICE_X37Y96         LUT6 (Prop_lut6_I1_O)        0.124     8.503 r  u_snn_lif/v_mem[1][1]_i_1/O
                         net (fo=1, routed)           0.000     8.503    u_snn_lif/v_mem[1][1]_i_1_n_0
    SLICE_X37Y96         FDRE                                         r  u_snn_lif/v_mem_reg[1][1]/D
  -------------------------------------------------------------------    -------------------

                         (clock clk100_unbuf rise edge)
                                                     10.000    10.000 r  
    E3                                                0.000    10.000 r  CLK100MHZ (IN)
                         net (fo=0)                   0.000    10.000    CLK100MHZ
    E3                   IBUF (Prop_ibuf_I_O)         1.411    11.411 r  CLK100MHZ_IBUF_inst/O
                         net (fo=2, routed)           1.162    12.573    u_clk_gen/clk100mhz_in
    MMCME2_ADV_X1Y2      MMCME2_ADV (Prop_mmcme2_adv_CLKIN1_CLKOUT1)
                                                     -7.324     5.249 r  u_clk_gen/mmcm_inst/CLKOUT1
                         net (fo=1, routed)           1.639     6.888    u_clk_gen/clk100_unbuf
    BUFGCTRL_X0Y16       BUFG (Prop_bufg_I_O)         0.091     6.979 r  u_clk_gen/bufg_100/O
                         net (fo=863, routed)         1.519     8.499    u_snn_lif/clk100
    SLICE_X37Y96         FDRE                                         r  u_snn_lif/v_mem_reg[1][1]/C
                         clock pessimism              0.559     9.058    
                         clock uncertainty           -0.074     8.985    
    SLICE_X37Y96         FDRE (Setup_fdre_C_D)        0.029     9.014    u_snn_lif/v_mem_reg[1][1]
  -------------------------------------------------------------------
                         required time                          9.014    
                         arrival time                          -8.503    
  -------------------------------------------------------------------
                         slack                                  0.511    

Slack (MET) :             0.564ns  (required time - arrival time)
  Source:                 u_snn_lif/delta_pipe_reg[2][2]/C
                            (rising edge-triggered cell FDRE clocked by clk100_unbuf  {rise@0.000ns fall@5.000ns period=10.000ns})
  Destination:            u_snn_lif/v_mem_reg[2][1]/D
                            (rising edge-triggered cell FDRE clocked by clk100_unbuf  {rise@0.000ns fall@5.000ns period=10.000ns})
  Path Group:             clk100_unbuf
  Path Type:              Setup (Max at Slow Process Corner)
  Requirement:            10.000ns  (clk100_unbuf rise@10.000ns - clk100_unbuf rise@0.000ns)
  Data Path Delay:        9.369ns  (logic 4.860ns (51.876%)  route 4.509ns (48.124%))
  Logic Levels:           14  (CARRY4=8 LUT2=3 LUT3=1 LUT6=2)
  Clock Path Skew:        -0.025ns (DCD - SCD + CPR)
    Destination Clock Delay (DCD):    -1.516ns = ( 8.484 - 10.000 ) 
    Source Clock Delay      (SCD):    -0.914ns
    Clock Pessimism Removal (CPR):    0.577ns
  Clock Uncertainty:      0.074ns  ((TSJ^2 + DJ^2)^1/2) / 2 + PE
    Total System Jitter     (TSJ):    0.071ns
    Discrete Jitter          (DJ):    0.129ns
    Phase Error              (PE):    0.000ns

    Location             Delay type                Incr(ns)  Path(ns)    Netlist Resource(s)
  -------------------------------------------------------------------    -------------------
                         (clock clk100_unbuf rise edge)
                                                      0.000     0.000 r  
    E3                                                0.000     0.000 r  CLK100MHZ (IN)
                         net (fo=0)                   0.000     0.000    CLK100MHZ
    E3                   IBUF (Prop_ibuf_I_O)         1.482     1.482 r  CLK100MHZ_IBUF_inst/O
                         net (fo=2, routed)           1.233     2.715    u_clk_gen/clk100mhz_in
    MMCME2_ADV_X1Y2      MMCME2_ADV (Prop_mmcme2_adv_CLKIN1_CLKOUT1)
                                                     -7.070    -4.355 r  u_clk_gen/mmcm_inst/CLKOUT1
                         net (fo=1, routed)           1.719    -2.636    u_clk_gen/clk100_unbuf
    BUFGCTRL_X0Y16       BUFG (Prop_bufg_I_O)         0.096    -2.540 r  u_clk_gen/bufg_100/O
                         net (fo=863, routed)         1.626    -0.914    u_snn_lif/clk100
    SLICE_X30Y101        FDRE                                         r  u_snn_lif/delta_pipe_reg[2][2]/C
  -------------------------------------------------------------------    -------------------
    SLICE_X30Y101        FDRE (Prop_fdre_C_Q)         0.518    -0.396 r  u_snn_lif/delta_pipe_reg[2][2]/Q
                         net (fo=1, routed)           0.566     0.170    u_snn_lif/delta_pipe_reg[2]_2[2]
    SLICE_X32Y103        LUT2 (Prop_lut2_I1_O)        0.124     0.294 r  u_snn_lif/v_mem[2][4]_i_5/O
                         net (fo=1, routed)           0.000     0.294    u_snn_lif/v_mem[2][4]_i_5_n_0
    SLICE_X32Y103        CARRY4 (Prop_carry4_S[1]_CO[3])
                                                      0.550     0.844 r  u_snn_lif/v_mem_reg[2][4]_i_2/CO[3]
                         net (fo=1, routed)           0.000     0.844    u_snn_lif/v_mem_reg[2][4]_i_2_n_0
    SLICE_X32Y104        CARRY4 (Prop_carry4_CI_CO[3])
                                                      0.114     0.958 r  u_snn_lif/v_mem_reg[2][6]_i_4/CO[3]
                         net (fo=1, routed)           0.000     0.958    u_snn_lif/v_mem_reg[2][6]_i_4_n_0
    SLICE_X32Y105        CARRY4 (Prop_carry4_CI_CO[3])
                                                      0.114     1.072 r  u_snn_lif/v_mem_reg[2][12]_i_3/CO[3]
                         net (fo=1, routed)           0.000     1.072    u_snn_lif/v_mem_reg[2][12]_i_3_n_0
    SLICE_X32Y106        CARRY4 (Prop_carry4_CI_O[2])
                                                      0.239     1.311 r  u_snn_lif/v_mem_reg[2][14]_i_8/O[2]
                         net (fo=4, routed)           0.775     2.086    u_snn_lif/v_mem_reg[2][14]_i_8_n_5
    SLICE_X34Y105        LUT2 (Prop_lut2_I0_O)        0.302     2.388 r  u_snn_lif/v_mem[2][14]_i_40/O
                         net (fo=1, routed)           0.000     2.388    u_snn_lif/v_mem[2][14]_i_40_n_0
    SLICE_X34Y105        CARRY4 (Prop_carry4_S[0]_CO[1])
                                                      0.458     2.846 f  u_snn_lif/v_mem_reg[2][14]_i_9/CO[1]
                         net (fo=43, routed)          0.506     3.352    u_snn_lif/v_mem_reg[2][14]_i_9_n_2
    SLICE_X35Y105        LUT3 (Prop_lut3_I0_O)        0.332     3.684 r  u_snn_lif/v_mem[2][11]_i_5/O
                         net (fo=1, routed)           0.503     4.187    u_snn_lif/v_mem[2][11]_i_5_n_0
    SLICE_X29Y105        CARRY4 (Prop_carry4_CYINIT_CO[3])
                                                      0.580     4.767 r  u_snn_lif/v_mem_reg[2][11]_i_3/CO[3]
                         net (fo=1, routed)           0.000     4.767    u_snn_lif/v_mem_reg[2][11]_i_3_n_0
    SLICE_X29Y106        CARRY4 (Prop_carry4_CI_O[3])
                                                      0.313     5.080 r  u_snn_lif/v_mem_reg[2][14]_i_6/O[3]
                         net (fo=4, routed)           0.610     5.690    u_snn_lif/v_mem_reg[2][14]_i_6_n_4
    SLICE_X29Y108        LUT2 (Prop_lut2_I0_O)        0.306     5.996 r  u_snn_lif/v_mem[2][14]_i_14/O
                         net (fo=1, routed)           0.000     5.996    u_snn_lif/v_mem[2][14]_i_14_n_0
    SLICE_X29Y108        CARRY4 (Prop_carry4_S[0]_CO[1])
                                                      0.457     6.453 f  u_snn_lif/v_mem_reg[2][14]_i_4/CO[1]
                         net (fo=11, routed)          0.657     7.109    u_snn_lif/v_mem_reg[2][14]_i_4_n_2
    SLICE_X28Y106        LUT6 (Prop_lut6_I0_O)        0.329     7.438 r  u_snn_lif/v_mem[2][6]_i_2/O
                         net (fo=7, routed)           0.892     8.330    u_snn_lif/v_mem[2][6]_i_2_n_0
    SLICE_X32Y102        LUT6 (Prop_lut6_I0_O)        0.124     8.454 r  u_snn_lif/v_mem[2][1]_i_1/O
                         net (fo=1, routed)           0.000     8.454    u_snn_lif/v_mem[2][1]_i_1_n_0
    SLICE_X32Y102        FDRE                                         r  u_snn_lif/v_mem_reg[2][1]/D
  -------------------------------------------------------------------    -------------------

                         (clock clk100_unbuf rise edge)
                                                     10.000    10.000 r  
    E3                                                0.000    10.000 r  CLK100MHZ (IN)
                         net (fo=0)                   0.000    10.000    CLK100MHZ
    E3                   IBUF (Prop_ibuf_I_O)         1.411    11.411 r  CLK100MHZ_IBUF_inst/O
                         net (fo=2, routed)           1.162    12.573    u_clk_gen/clk100mhz_in
    MMCME2_ADV_X1Y2      MMCME2_ADV (Prop_mmcme2_adv_CLKIN1_CLKOUT1)
                                                     -7.324     5.249 r  u_clk_gen/mmcm_inst/CLKOUT1
                         net (fo=1, routed)           1.639     6.888    u_clk_gen/clk100_unbuf
    BUFGCTRL_X0Y16       BUFG (Prop_bufg_I_O)         0.091     6.979 r  u_clk_gen/bufg_100/O
                         net (fo=863, routed)         1.505     8.484    u_snn_lif/clk100
    SLICE_X32Y102        FDRE                                         r  u_snn_lif/v_mem_reg[2][1]/C
                         clock pessimism              0.577     9.061    
                         clock uncertainty           -0.074     8.987    
    SLICE_X32Y102        FDRE (Setup_fdre_C_D)        0.031     9.018    u_snn_lif/v_mem_reg[2][1]
  -------------------------------------------------------------------
                         required time                          9.018    
                         arrival time                          -8.454    
  -------------------------------------------------------------------
                         slack                                  0.564    

Slack (MET) :             0.603ns  (required time - arrival time)
  Source:                 u_snn_lif/delta_pipe_reg[2][2]/C
                            (rising edge-triggered cell FDRE clocked by clk100_unbuf  {rise@0.000ns fall@5.000ns period=10.000ns})
  Destination:            u_snn_lif/v_mem_reg[2][12]/D
                            (rising edge-triggered cell FDRE clocked by clk100_unbuf  {rise@0.000ns fall@5.000ns period=10.000ns})
  Path Group:             clk100_unbuf
  Path Type:              Setup (Max at Slow Process Corner)
  Requirement:            10.000ns  (clk100_unbuf rise@10.000ns - clk100_unbuf rise@0.000ns)
  Data Path Delay:        9.374ns  (logic 5.033ns (53.692%)  route 4.341ns (46.308%))
  Logic Levels:           14  (CARRY4=9 LUT2=2 LUT3=1 LUT5=1 LUT6=1)
  Clock Path Skew:        -0.027ns (DCD - SCD + CPR)
    Destination Clock Delay (DCD):    -1.518ns = ( 8.482 - 10.000 ) 
    Source Clock Delay      (SCD):    -0.914ns
    Clock Pessimism Removal (CPR):    0.577ns
  Clock Uncertainty:      0.074ns  ((TSJ^2 + DJ^2)^1/2) / 2 + PE
    Total System Jitter     (TSJ):    0.071ns
    Discrete Jitter          (DJ):    0.129ns
    Phase Error              (PE):    0.000ns

    Location             Delay type                Incr(ns)  Path(ns)    Netlist Resource(s)
  -------------------------------------------------------------------    -------------------
                         (clock clk100_unbuf rise edge)
                                                      0.000     0.000 r  
    E3                                                0.000     0.000 r  CLK100MHZ (IN)
                         net (fo=0)                   0.000     0.000    CLK100MHZ
    E3                   IBUF (Prop_ibuf_I_O)         1.482     1.482 r  CLK100MHZ_IBUF_inst/O
                         net (fo=2, routed)           1.233     2.715    u_clk_gen/clk100mhz_in
    MMCME2_ADV_X1Y2      MMCME2_ADV (Prop_mmcme2_adv_CLKIN1_CLKOUT1)
                                                     -7.070    -4.355 r  u_clk_gen/mmcm_inst/CLKOUT1
                         net (fo=1, routed)           1.719    -2.636    u_clk_gen/clk100_unbuf
    BUFGCTRL_X0Y16       BUFG (Prop_bufg_I_O)         0.096    -2.540 r  u_clk_gen/bufg_100/O
                         net (fo=863, routed)         1.626    -0.914    u_snn_lif/clk100
    SLICE_X30Y101        FDRE                                         r  u_snn_lif/delta_pipe_reg[2][2]/C
  -------------------------------------------------------------------    -------------------
    SLICE_X30Y101        FDRE (Prop_fdre_C_Q)         0.518    -0.396 r  u_snn_lif/delta_pipe_reg[2][2]/Q
                         net (fo=1, routed)           0.566     0.170    u_snn_lif/delta_pipe_reg[2]_2[2]
    SLICE_X32Y103        LUT2 (Prop_lut2_I1_O)        0.124     0.294 r  u_snn_lif/v_mem[2][4]_i_5/O
                         net (fo=1, routed)           0.000     0.294    u_snn_lif/v_mem[2][4]_i_5_n_0
    SLICE_X32Y103        CARRY4 (Prop_carry4_S[1]_CO[3])
                                                      0.550     0.844 r  u_snn_lif/v_mem_reg[2][4]_i_2/CO[3]
                         net (fo=1, routed)           0.000     0.844    u_snn_lif/v_mem_reg[2][4]_i_2_n_0
    SLICE_X32Y104        CARRY4 (Prop_carry4_CI_CO[3])
                                                      0.114     0.958 r  u_snn_lif/v_mem_reg[2][6]_i_4/CO[3]
                         net (fo=1, routed)           0.000     0.958    u_snn_lif/v_mem_reg[2][6]_i_4_n_0
    SLICE_X32Y105        CARRY4 (Prop_carry4_CI_CO[3])
                                                      0.114     1.072 r  u_snn_lif/v_mem_reg[2][12]_i_3/CO[3]
                         net (fo=1, routed)           0.000     1.072    u_snn_lif/v_mem_reg[2][12]_i_3_n_0
    SLICE_X32Y106        CARRY4 (Prop_carry4_CI_O[2])
                                                      0.239     1.311 r  u_snn_lif/v_mem_reg[2][14]_i_8/O[2]
                         net (fo=4, routed)           0.775     2.086    u_snn_lif/v_mem_reg[2][14]_i_8_n_5
    SLICE_X34Y105        LUT2 (Prop_lut2_I0_O)        0.302     2.388 r  u_snn_lif/v_mem[2][14]_i_40/O
                         net (fo=1, routed)           0.000     2.388    u_snn_lif/v_mem[2][14]_i_40_n_0
    SLICE_X34Y105        CARRY4 (Prop_carry4_S[0]_CO[1])
                                                      0.458     2.846 f  u_snn_lif/v_mem_reg[2][14]_i_9/CO[1]
                         net (fo=43, routed)          0.506     3.352    u_snn_lif/v_mem_reg[2][14]_i_9_n_2
    SLICE_X35Y105        LUT3 (Prop_lut3_I0_O)        0.332     3.684 r  u_snn_lif/v_mem[2][11]_i_5/O
                         net (fo=1, routed)           0.503     4.187    u_snn_lif/v_mem[2][11]_i_5_n_0
    SLICE_X29Y105        CARRY4 (Prop_carry4_CYINIT_CO[3])
                                                      0.580     4.767 r  u_snn_lif/v_mem_reg[2][11]_i_3/CO[3]
                         net (fo=1, routed)           0.000     4.767    u_snn_lif/v_mem_reg[2][11]_i_3_n_0
    SLICE_X29Y106        CARRY4 (Prop_carry4_CI_CO[3])
                                                      0.114     4.881 r  u_snn_lif/v_mem_reg[2][14]_i_6/CO[3]
                         net (fo=1, routed)           0.000     4.881    u_snn_lif/v_mem_reg[2][14]_i_6_n_0
    SLICE_X29Y107        CARRY4 (Prop_carry4_CI_CO[0])
                                                      0.271     5.152 r  u_snn_lif/v_mem_reg[2][15]_i_3/CO[0]
                         net (fo=3, routed)           0.612     5.764    u_snn_lif/v_mem_reg[2][15]_i_3_n_3
    SLICE_X28Y107        CARRY4 (Prop_carry4_S[1]_CO[1])
                                                      0.864     6.628 r  u_snn_lif/v_mem_reg[2][15]_i_4/CO[1]
                         net (fo=3, routed)           0.650     7.278    u_snn_lif/v_mem_reg[2][15]_i_4_n_2
    SLICE_X30Y108        LUT5 (Prop_lut5_I2_O)        0.329     7.607 r  u_snn_lif/v_mem[2][14]_i_3/O
                         net (fo=8, routed)           0.728     8.336    u_snn_lif/v_mem[2][14]_i_3_n_0
    SLICE_X30Y108        LUT6 (Prop_lut6_I1_O)        0.124     8.460 r  u_snn_lif/v_mem[2][12]_i_1/O
                         net (fo=1, routed)           0.000     8.460    u_snn_lif/v_mem[2][12]_i_1_n_0
    SLICE_X30Y108        FDRE                                         r  u_snn_lif/v_mem_reg[2][12]/D
  -------------------------------------------------------------------    -------------------

                         (clock clk100_unbuf rise edge)
                                                     10.000    10.000 r  
    E3                                                0.000    10.000 r  CLK100MHZ (IN)
                         net (fo=0)                   0.000    10.000    CLK100MHZ
    E3                   IBUF (Prop_ibuf_I_O)         1.411    11.411 r  CLK100MHZ_IBUF_inst/O
                         net (fo=2, routed)           1.162    12.573    u_clk_gen/clk100mhz_in
    MMCME2_ADV_X1Y2      MMCME2_ADV (Prop_mmcme2_adv_CLKIN1_CLKOUT1)
                                                     -7.324     5.249 r  u_clk_gen/mmcm_inst/CLKOUT1
                         net (fo=1, routed)           1.639     6.888    u_clk_gen/clk100_unbuf
    BUFGCTRL_X0Y16       BUFG (Prop_bufg_I_O)         0.091     6.979 r  u_clk_gen/bufg_100/O
                         net (fo=863, routed)         1.503     8.482    u_snn_lif/clk100
    SLICE_X30Y108        FDRE                                         r  u_snn_lif/v_mem_reg[2][12]/C
                         clock pessimism              0.577     9.059    
                         clock uncertainty           -0.074     8.985    
    SLICE_X30Y108        FDRE (Setup_fdre_C_D)        0.077     9.062    u_snn_lif/v_mem_reg[2][12]
  -------------------------------------------------------------------
                         required time                          9.062    
                         arrival time                          -8.460    
  -------------------------------------------------------------------
                         slack                                  0.603    

Slack (MET) :             0.634ns  (required time - arrival time)
  Source:                 u_mon_volt/vccint_code_reg[4]/C
                            (rising edge-triggered cell FDSE clocked by clk100_unbuf  {rise@0.000ns fall@5.000ns period=10.000ns})
  Destination:            u_mon_volt/diff_mult_p1_reg/A[14]
                            (rising edge-triggered cell DSP48E1 clocked by clk100_unbuf  {rise@0.000ns fall@5.000ns period=10.000ns})
  Path Group:             clk100_unbuf
  Path Type:              Setup (Max at Slow Process Corner)
  Requirement:            10.000ns  (clk100_unbuf rise@10.000ns - clk100_unbuf rise@0.000ns)
  Data Path Delay:        5.425ns  (logic 2.973ns (54.801%)  route 2.452ns (45.199%))
  Logic Levels:           7  (CARRY4=4 LUT1=1 LUT2=2)
  Clock Path Skew:        0.063ns (DCD - SCD + CPR)
    Destination Clock Delay (DCD):    -1.430ns = ( 8.570 - 10.000 ) 
    Source Clock Delay      (SCD):    -0.933ns
    Clock Pessimism Removal (CPR):    0.560ns
  Clock Uncertainty:      0.074ns  ((TSJ^2 + DJ^2)^1/2) / 2 + PE
    Total System Jitter     (TSJ):    0.071ns
    Discrete Jitter          (DJ):    0.129ns
    Phase Error              (PE):    0.000ns

    Location             Delay type                Incr(ns)  Path(ns)    Netlist Resource(s)
  -------------------------------------------------------------------    -------------------
                         (clock clk100_unbuf rise edge)
                                                      0.000     0.000 r  
    E3                                                0.000     0.000 r  CLK100MHZ (IN)
                         net (fo=0)                   0.000     0.000    CLK100MHZ
    E3                   IBUF (Prop_ibuf_I_O)         1.482     1.482 r  CLK100MHZ_IBUF_inst/O
                         net (fo=2, routed)           1.233     2.715    u_clk_gen/clk100mhz_in
    MMCME2_ADV_X1Y2      MMCME2_ADV (Prop_mmcme2_adv_CLKIN1_CLKOUT1)
                                                     -7.070    -4.355 r  u_clk_gen/mmcm_inst/CLKOUT1
                         net (fo=1, routed)           1.719    -2.636    u_clk_gen/clk100_unbuf
    BUFGCTRL_X0Y16       BUFG (Prop_bufg_I_O)         0.096    -2.540 r  u_clk_gen/bufg_100/O
                         net (fo=863, routed)         1.607    -0.933    u_mon_volt/clk100
    SLICE_X30Y123        FDSE                                         r  u_mon_volt/vccint_code_reg[4]/C
  -------------------------------------------------------------------    -------------------
    SLICE_X30Y123        FDSE (Prop_fdse_C_Q)         0.518    -0.415 r  u_mon_volt/vccint_code_reg[4]/Q
                         net (fo=7, routed)           0.635     0.220    u_mon_volt/vccint_code_reg_n_0_[4]
    SLICE_X28Y123        LUT2 (Prop_lut2_I0_O)        0.124     0.344 r  u_mon_volt/diff_mult_p1_reg_i_52/O
                         net (fo=1, routed)           0.000     0.344    u_mon_volt/diff_mult_p1_reg_i_52_n_0
    SLICE_X28Y123        CARRY4 (Prop_carry4_S[0]_CO[3])
                                                      0.532     0.876 r  u_mon_volt/diff_mult_p1_reg_i_28/CO[3]
                         net (fo=1, routed)           0.000     0.876    u_mon_volt/diff_mult_p1_reg_i_28_n_0
    SLICE_X28Y124        CARRY4 (Prop_carry4_CI_O[1])
                                                      0.334     1.210 f  u_mon_volt/diff_mult_p1_reg_i_26/O[1]
                         net (fo=4, routed)           0.663     1.873    u_mon_volt/diff_mult_p1_reg_i_26_n_6
    SLICE_X29Y121        LUT1 (Prop_lut1_I0_O)        0.303     2.176 r  u_mon_volt/diff_mult_p1_reg_i_40/O
                         net (fo=1, routed)           0.000     2.176    u_mon_volt/diff_mult_p1_reg_i_40_n_0
    SLICE_X29Y121        CARRY4 (Prop_carry4_S[0]_CO[3])
                                                      0.532     2.708 r  u_mon_volt/diff_mult_p1_reg_i_25/CO[3]
                         net (fo=1, routed)           0.000     2.708    u_mon_volt/diff_mult_p1_reg_i_25_n_0
    SLICE_X29Y122        CARRY4 (Prop_carry4_CI_O[1])
                                                      0.334     3.042 r  u_mon_volt/diff_mult_p1_reg_i_24/O[1]
                         net (fo=3, routed)           0.594     3.636    u_mon_volt/soft_spk_p12[14]
    SLICE_X15Y120        LUT2 (Prop_lut2_I0_O)        0.296     3.932 r  u_mon_volt/diff_mult_p1_reg_i_6/O
                         net (fo=1, routed)           0.560     4.492    u_mon_volt/p_0_in0_out[14]
    DSP48_X0Y47          DSP48E1                                      r  u_mon_volt/diff_mult_p1_reg/A[14]
  -------------------------------------------------------------------    -------------------

                         (clock clk100_unbuf rise edge)
                                                     10.000    10.000 r  
    E3                                                0.000    10.000 r  CLK100MHZ (IN)
                         net (fo=0)                   0.000    10.000    CLK100MHZ
    E3                   IBUF (Prop_ibuf_I_O)         1.411    11.411 r  CLK100MHZ_IBUF_inst/O
                         net (fo=2, routed)           1.162    12.573    u_clk_gen/clk100mhz_in
    MMCME2_ADV_X1Y2      MMCME2_ADV (Prop_mmcme2_adv_CLKIN1_CLKOUT1)
                                                     -7.324     5.249 r  u_clk_gen/mmcm_inst/CLKOUT1
                         net (fo=1, routed)           1.639     6.888    u_clk_gen/clk100_unbuf
    BUFGCTRL_X0Y16       BUFG (Prop_bufg_I_O)         0.091     6.979 r  u_clk_gen/bufg_100/O
                         net (fo=863, routed)         1.590     8.570    u_mon_volt/clk100
    DSP48_X0Y47          DSP48E1                                      r  u_mon_volt/diff_mult_p1_reg/CLK
                         clock pessimism              0.560     9.129    
                         clock uncertainty           -0.074     9.056    
    DSP48_X0Y47          DSP48E1 (Setup_dsp48e1_CLK_A[14])
                                                     -3.930     5.126    u_mon_volt/diff_mult_p1_reg
  -------------------------------------------------------------------
                         required time                          5.126    
                         arrival time                          -4.492    
  -------------------------------------------------------------------
                         slack                                  0.634    

Slack (MET) :             0.636ns  (required time - arrival time)
  Source:                 u_mon_volt/vccint_code_reg[4]/C
                            (rising edge-triggered cell FDSE clocked by clk100_unbuf  {rise@0.000ns fall@5.000ns period=10.000ns})
  Destination:            u_mon_volt/diff_mult_p1_reg/A[15]
                            (rising edge-triggered cell DSP48E1 clocked by clk100_unbuf  {rise@0.000ns fall@5.000ns period=10.000ns})
  Path Group:             clk100_unbuf
  Path Type:              Setup (Max at Slow Process Corner)
  Requirement:            10.000ns  (clk100_unbuf rise@10.000ns - clk100_unbuf rise@0.000ns)
  Data Path Delay:        5.631ns  (logic 2.884ns (51.215%)  route 2.747ns (48.785%))
  Logic Levels:           7  (CARRY4=4 LUT1=1 LUT2=2)
  Clock Path Skew:        0.063ns (DCD - SCD + CPR)
    Destination Clock Delay (DCD):    -1.430ns = ( 8.570 - 10.000 ) 
    Source Clock Delay      (SCD):    -0.933ns
    Clock Pessimism Removal (CPR):    0.560ns
  Clock Uncertainty:      0.074ns  ((TSJ^2 + DJ^2)^1/2) / 2 + PE
    Total System Jitter     (TSJ):    0.071ns
    Discrete Jitter          (DJ):    0.129ns
    Phase Error              (PE):    0.000ns

    Location             Delay type                Incr(ns)  Path(ns)    Netlist Resource(s)
  -------------------------------------------------------------------    -------------------
                         (clock clk100_unbuf rise edge)
                                                      0.000     0.000 r  
    E3                                                0.000     0.000 r  CLK100MHZ (IN)
                         net (fo=0)                   0.000     0.000    CLK100MHZ
    E3                   IBUF (Prop_ibuf_I_O)         1.482     1.482 r  CLK100MHZ_IBUF_inst/O
                         net (fo=2, routed)           1.233     2.715    u_clk_gen/clk100mhz_in
    MMCME2_ADV_X1Y2      MMCME2_ADV (Prop_mmcme2_adv_CLKIN1_CLKOUT1)
                                                     -7.070    -4.355 r  u_clk_gen/mmcm_inst/CLKOUT1
                         net (fo=1, routed)           1.719    -2.636    u_clk_gen/clk100_unbuf
    BUFGCTRL_X0Y16       BUFG (Prop_bufg_I_O)         0.096    -2.540 r  u_clk_gen/bufg_100/O
                         net (fo=863, routed)         1.607    -0.933    u_mon_volt/clk100
    SLICE_X30Y123        FDSE                                         r  u_mon_volt/vccint_code_reg[4]/C
  -------------------------------------------------------------------    -------------------
    SLICE_X30Y123        FDSE (Prop_fdse_C_Q)         0.518    -0.415 r  u_mon_volt/vccint_code_reg[4]/Q
                         net (fo=7, routed)           0.635     0.220    u_mon_volt/vccint_code_reg_n_0_[4]
    SLICE_X28Y123        LUT2 (Prop_lut2_I0_O)        0.124     0.344 r  u_mon_volt/diff_mult_p1_reg_i_52/O
                         net (fo=1, routed)           0.000     0.344    u_mon_volt/diff_mult_p1_reg_i_52_n_0
    SLICE_X28Y123        CARRY4 (Prop_carry4_S[0]_CO[3])
                                                      0.532     0.876 r  u_mon_volt/diff_mult_p1_reg_i_28/CO[3]
                         net (fo=1, routed)           0.000     0.876    u_mon_volt/diff_mult_p1_reg_i_28_n_0
    SLICE_X28Y124        CARRY4 (Prop_carry4_CI_O[1])
                                                      0.334     1.210 f  u_mon_volt/diff_mult_p1_reg_i_26/O[1]
                         net (fo=4, routed)           0.663     1.873    u_mon_volt/diff_mult_p1_reg_i_26_n_6
    SLICE_X29Y121        LUT1 (Prop_lut1_I0_O)        0.303     2.176 r  u_mon_volt/diff_mult_p1_reg_i_40/O
                         net (fo=1, routed)           0.000     2.176    u_mon_volt/diff_mult_p1_reg_i_40_n_0
    SLICE_X29Y121        CARRY4 (Prop_carry4_S[0]_CO[3])
                                                      0.532     2.708 r  u_mon_volt/diff_mult_p1_reg_i_25/CO[3]
                         net (fo=1, routed)           0.000     2.708    u_mon_volt/diff_mult_p1_reg_i_25_n_0
    SLICE_X29Y122        CARRY4 (Prop_carry4_CI_O[2])
                                                      0.239     2.947 r  u_mon_volt/diff_mult_p1_reg_i_24/O[2]
                         net (fo=3, routed)           0.751     3.698    u_mon_volt/soft_spk_p12[15]
    SLICE_X15Y121        LUT2 (Prop_lut2_I0_O)        0.302     4.000 r  u_mon_volt/diff_mult_p1_reg_i_5/O
                         net (fo=1, routed)           0.698     4.698    u_mon_volt/p_0_in0_out[15]
    DSP48_X0Y47          DSP48E1                                      r  u_mon_volt/diff_mult_p1_reg/A[15]
  -------------------------------------------------------------------    -------------------

                         (clock clk100_unbuf rise edge)
                                                     10.000    10.000 r  
    E3                                                0.000    10.000 r  CLK100MHZ (IN)
                         net (fo=0)                   0.000    10.000    CLK100MHZ
    E3                   IBUF (Prop_ibuf_I_O)         1.411    11.411 r  CLK100MHZ_IBUF_inst/O
                         net (fo=2, routed)           1.162    12.573    u_clk_gen/clk100mhz_in
    MMCME2_ADV_X1Y2      MMCME2_ADV (Prop_mmcme2_adv_CLKIN1_CLKOUT1)
                                                     -7.324     5.249 r  u_clk_gen/mmcm_inst/CLKOUT1
                         net (fo=1, routed)           1.639     6.888    u_clk_gen/clk100_unbuf
    BUFGCTRL_X0Y16       BUFG (Prop_bufg_I_O)         0.091     6.979 r  u_clk_gen/bufg_100/O
                         net (fo=863, routed)         1.590     8.570    u_mon_volt/clk100
    DSP48_X0Y47          DSP48E1                                      r  u_mon_volt/diff_mult_p1_reg/CLK
                         clock pessimism              0.560     9.129    
                         clock uncertainty           -0.074     9.056    
    DSP48_X0Y47          DSP48E1 (Setup_dsp48e1_CLK_A[15])
                                                     -3.722     5.334    u_mon_volt/diff_mult_p1_reg
  -------------------------------------------------------------------
                         required time                          5.334    
                         arrival time                          -4.698    
  -------------------------------------------------------------------
                         slack                                  0.636    

Slack (MET) :             0.641ns  (required time - arrival time)
  Source:                 u_snn_lif/delta_pipe_reg[2][2]/C
                            (rising edge-triggered cell FDRE clocked by clk100_unbuf  {rise@0.000ns fall@5.000ns period=10.000ns})
  Destination:            u_snn_lif/v_mem_reg[2][8]/D
                            (rising edge-triggered cell FDRE clocked by clk100_unbuf  {rise@0.000ns fall@5.000ns period=10.000ns})
  Path Group:             clk100_unbuf
  Path Type:              Setup (Max at Slow Process Corner)
  Requirement:            10.000ns  (clk100_unbuf rise@10.000ns - clk100_unbuf rise@0.000ns)
  Data Path Delay:        9.273ns  (logic 5.033ns (54.277%)  route 4.240ns (45.723%))
  Logic Levels:           14  (CARRY4=9 LUT2=2 LUT3=1 LUT5=1 LUT6=1)
  Clock Path Skew:        -0.042ns (DCD - SCD + CPR)
    Destination Clock Delay (DCD):    -1.516ns = ( 8.484 - 10.000 ) 
    Source Clock Delay      (SCD):    -0.914ns
    Clock Pessimism Removal (CPR):    0.560ns
  Clock Uncertainty:      0.074ns  ((TSJ^2 + DJ^2)^1/2) / 2 + PE
    Total System Jitter     (TSJ):    0.071ns
    Discrete Jitter          (DJ):    0.129ns
    Phase Error              (PE):    0.000ns

    Location             Delay type                Incr(ns)  Path(ns)    Netlist Resource(s)
  -------------------------------------------------------------------    -------------------
                         (clock clk100_unbuf rise edge)
                                                      0.000     0.000 r  
    E3                                                0.000     0.000 r  CLK100MHZ (IN)
                         net (fo=0)                   0.000     0.000    CLK100MHZ
    E3                   IBUF (Prop_ibuf_I_O)         1.482     1.482 r  CLK100MHZ_IBUF_inst/O
                         net (fo=2, routed)           1.233     2.715    u_clk_gen/clk100mhz_in
    MMCME2_ADV_X1Y2      MMCME2_ADV (Prop_mmcme2_adv_CLKIN1_CLKOUT1)
                                                     -7.070    -4.355 r  u_clk_gen/mmcm_inst/CLKOUT1
                         net (fo=1, routed)           1.719    -2.636    u_clk_gen/clk100_unbuf
    BUFGCTRL_X0Y16       BUFG (Prop_bufg_I_O)         0.096    -2.540 r  u_clk_gen/bufg_100/O
                         net (fo=863, routed)         1.626    -0.914    u_snn_lif/clk100
    SLICE_X30Y101        FDRE                                         r  u_snn_lif/delta_pipe_reg[2][2]/C
  -------------------------------------------------------------------    -------------------
    SLICE_X30Y101        FDRE (Prop_fdre_C_Q)         0.518    -0.396 r  u_snn_lif/delta_pipe_reg[2][2]/Q
                         net (fo=1, routed)           0.566     0.170    u_snn_lif/delta_pipe_reg[2]_2[2]
    SLICE_X32Y103        LUT2 (Prop_lut2_I1_O)        0.124     0.294 r  u_snn_lif/v_mem[2][4]_i_5/O
                         net (fo=1, routed)           0.000     0.294    u_snn_lif/v_mem[2][4]_i_5_n_0
    SLICE_X32Y103        CARRY4 (Prop_carry4_S[1]_CO[3])
                                                      0.550     0.844 r  u_snn_lif/v_mem_reg[2][4]_i_2/CO[3]
                         net (fo=1, routed)           0.000     0.844    u_snn_lif/v_mem_reg[2][4]_i_2_n_0
    SLICE_X32Y104        CARRY4 (Prop_carry4_CI_CO[3])
                                                      0.114     0.958 r  u_snn_lif/v_mem_reg[2][6]_i_4/CO[3]
                         net (fo=1, routed)           0.000     0.958    u_snn_lif/v_mem_reg[2][6]_i_4_n_0
    SLICE_X32Y105        CARRY4 (Prop_carry4_CI_CO[3])
                                                      0.114     1.072 r  u_snn_lif/v_mem_reg[2][12]_i_3/CO[3]
                         net (fo=1, routed)           0.000     1.072    u_snn_lif/v_mem_reg[2][12]_i_3_n_0
    SLICE_X32Y106        CARRY4 (Prop_carry4_CI_O[2])
                                                      0.239     1.311 r  u_snn_lif/v_mem_reg[2][14]_i_8/O[2]
                         net (fo=4, routed)           0.775     2.086    u_snn_lif/v_mem_reg[2][14]_i_8_n_5
    SLICE_X34Y105        LUT2 (Prop_lut2_I0_O)        0.302     2.388 r  u_snn_lif/v_mem[2][14]_i_40/O
                         net (fo=1, routed)           0.000     2.388    u_snn_lif/v_mem[2][14]_i_40_n_0
    SLICE_X34Y105        CARRY4 (Prop_carry4_S[0]_CO[1])
                                                      0.458     2.846 f  u_snn_lif/v_mem_reg[2][14]_i_9/CO[1]
                         net (fo=43, routed)          0.506     3.352    u_snn_lif/v_mem_reg[2][14]_i_9_n_2
    SLICE_X35Y105        LUT3 (Prop_lut3_I0_O)        0.332     3.684 r  u_snn_lif/v_mem[2][11]_i_5/O
                         net (fo=1, routed)           0.503     4.187    u_snn_lif/v_mem[2][11]_i_5_n_0
    SLICE_X29Y105        CARRY4 (Prop_carry4_CYINIT_CO[3])
                                                      0.580     4.767 r  u_snn_lif/v_mem_reg[2][11]_i_3/CO[3]
                         net (fo=1, routed)           0.000     4.767    u_snn_lif/v_mem_reg[2][11]_i_3_n_0
    SLICE_X29Y106        CARRY4 (Prop_carry4_CI_CO[3])
                                                      0.114     4.881 r  u_snn_lif/v_mem_reg[2][14]_i_6/CO[3]
                         net (fo=1, routed)           0.000     4.881    u_snn_lif/v_mem_reg[2][14]_i_6_n_0
    SLICE_X29Y107        CARRY4 (Prop_carry4_CI_CO[0])
                                                      0.271     5.152 r  u_snn_lif/v_mem_reg[2][15]_i_3/CO[0]
                         net (fo=3, routed)           0.612     5.764    u_snn_lif/v_mem_reg[2][15]_i_3_n_3
    SLICE_X28Y107        CARRY4 (Prop_carry4_S[1]_CO[1])
                                                      0.864     6.628 r  u_snn_lif/v_mem_reg[2][15]_i_4/CO[1]
                         net (fo=3, routed)           0.650     7.278    u_snn_lif/v_mem_reg[2][15]_i_4_n_2
    SLICE_X30Y108        LUT5 (Prop_lut5_I2_O)        0.329     7.607 r  u_snn_lif/v_mem[2][14]_i_3/O
                         net (fo=8, routed)           0.627     8.235    u_snn_lif/v_mem[2][14]_i_3_n_0
    SLICE_X28Y106        LUT6 (Prop_lut6_I1_O)        0.124     8.359 r  u_snn_lif/v_mem[2][8]_i_1/O
                         net (fo=1, routed)           0.000     8.359    u_snn_lif/v_mem[2][8]_i_1_n_0
    SLICE_X28Y106        FDRE                                         r  u_snn_lif/v_mem_reg[2][8]/D
  -------------------------------------------------------------------    -------------------

                         (clock clk100_unbuf rise edge)
                                                     10.000    10.000 r  
    E3                                                0.000    10.000 r  CLK100MHZ (IN)
                         net (fo=0)                   0.000    10.000    CLK100MHZ
    E3                   IBUF (Prop_ibuf_I_O)         1.411    11.411 r  CLK100MHZ_IBUF_inst/O
                         net (fo=2, routed)           1.162    12.573    u_clk_gen/clk100mhz_in
    MMCME2_ADV_X1Y2      MMCME2_ADV (Prop_mmcme2_adv_CLKIN1_CLKOUT1)
                                                     -7.324     5.249 r  u_clk_gen/mmcm_inst/CLKOUT1
                         net (fo=1, routed)           1.639     6.888    u_clk_gen/clk100_unbuf
    BUFGCTRL_X0Y16       BUFG (Prop_bufg_I_O)         0.091     6.979 r  u_clk_gen/bufg_100/O
                         net (fo=863, routed)         1.505     8.484    u_snn_lif/clk100
    SLICE_X28Y106        FDRE                                         r  u_snn_lif/v_mem_reg[2][8]/C
                         clock pessimism              0.560     9.044    
                         clock uncertainty           -0.074     8.970    
    SLICE_X28Y106        FDRE (Setup_fdre_C_D)        0.029     8.999    u_snn_lif/v_mem_reg[2][8]
  -------------------------------------------------------------------
                         required time                          8.999    
                         arrival time                          -8.359    
  -------------------------------------------------------------------
                         slack                                  0.641    

Slack (MET) :             0.649ns  (required time - arrival time)
  Source:                 u_snn_lif/delta_pipe_reg[2][2]/C
                            (rising edge-triggered cell FDRE clocked by clk100_unbuf  {rise@0.000ns fall@5.000ns period=10.000ns})
  Destination:            u_snn_lif/v_mem_reg[2][11]/D
                            (rising edge-triggered cell FDRE clocked by clk100_unbuf  {rise@0.000ns fall@5.000ns period=10.000ns})
  Path Group:             clk100_unbuf
  Path Type:              Setup (Max at Slow Process Corner)
  Requirement:            10.000ns  (clk100_unbuf rise@10.000ns - clk100_unbuf rise@0.000ns)
  Data Path Delay:        9.282ns  (logic 5.033ns (54.224%)  route 4.249ns (45.776%))
  Logic Levels:           14  (CARRY4=9 LUT2=2 LUT3=1 LUT5=1 LUT6=1)
  Clock Path Skew:        -0.027ns (DCD - SCD + CPR)
    Destination Clock Delay (DCD):    -1.518ns = ( 8.482 - 10.000 ) 
    Source Clock Delay      (SCD):    -0.914ns
    Clock Pessimism Removal (CPR):    0.577ns
  Clock Uncertainty:      0.074ns  ((TSJ^2 + DJ^2)^1/2) / 2 + PE
    Total System Jitter     (TSJ):    0.071ns
    Discrete Jitter          (DJ):    0.129ns
    Phase Error              (PE):    0.000ns

    Location             Delay type                Incr(ns)  Path(ns)    Netlist Resource(s)
  -------------------------------------------------------------------    -------------------
                         (clock clk100_unbuf rise edge)
                                                      0.000     0.000 r  
    E3                                                0.000     0.000 r  CLK100MHZ (IN)
                         net (fo=0)                   0.000     0.000    CLK100MHZ
    E3                   IBUF (Prop_ibuf_I_O)         1.482     1.482 r  CLK100MHZ_IBUF_inst/O
                         net (fo=2, routed)           1.233     2.715    u_clk_gen/clk100mhz_in
    MMCME2_ADV_X1Y2      MMCME2_ADV (Prop_mmcme2_adv_CLKIN1_CLKOUT1)
                                                     -7.070    -4.355 r  u_clk_gen/mmcm_inst/CLKOUT1
                         net (fo=1, routed)           1.719    -2.636    u_clk_gen/clk100_unbuf
    BUFGCTRL_X0Y16       BUFG (Prop_bufg_I_O)         0.096    -2.540 r  u_clk_gen/bufg_100/O
                         net (fo=863, routed)         1.626    -0.914    u_snn_lif/clk100
    SLICE_X30Y101        FDRE                                         r  u_snn_lif/delta_pipe_reg[2][2]/C
  -------------------------------------------------------------------    -------------------
    SLICE_X30Y101        FDRE (Prop_fdre_C_Q)         0.518    -0.396 r  u_snn_lif/delta_pipe_reg[2][2]/Q
                         net (fo=1, routed)           0.566     0.170    u_snn_lif/delta_pipe_reg[2]_2[2]
    SLICE_X32Y103        LUT2 (Prop_lut2_I1_O)        0.124     0.294 r  u_snn_lif/v_mem[2][4]_i_5/O
                         net (fo=1, routed)           0.000     0.294    u_snn_lif/v_mem[2][4]_i_5_n_0
    SLICE_X32Y103        CARRY4 (Prop_carry4_S[1]_CO[3])
                                                      0.550     0.844 r  u_snn_lif/v_mem_reg[2][4]_i_2/CO[3]
                         net (fo=1, routed)           0.000     0.844    u_snn_lif/v_mem_reg[2][4]_i_2_n_0
    SLICE_X32Y104        CARRY4 (Prop_carry4_CI_CO[3])
                                                      0.114     0.958 r  u_snn_lif/v_mem_reg[2][6]_i_4/CO[3]
                         net (fo=1, routed)           0.000     0.958    u_snn_lif/v_mem_reg[2][6]_i_4_n_0
    SLICE_X32Y105        CARRY4 (Prop_carry4_CI_CO[3])
                                                      0.114     1.072 r  u_snn_lif/v_mem_reg[2][12]_i_3/CO[3]
                         net (fo=1, routed)           0.000     1.072    u_snn_lif/v_mem_reg[2][12]_i_3_n_0
    SLICE_X32Y106        CARRY4 (Prop_carry4_CI_O[2])
                                                      0.239     1.311 r  u_snn_lif/v_mem_reg[2][14]_i_8/O[2]
                         net (fo=4, routed)           0.775     2.086    u_snn_lif/v_mem_reg[2][14]_i_8_n_5
    SLICE_X34Y105        LUT2 (Prop_lut2_I0_O)        0.302     2.388 r  u_snn_lif/v_mem[2][14]_i_40/O
                         net (fo=1, routed)           0.000     2.388    u_snn_lif/v_mem[2][14]_i_40_n_0
    SLICE_X34Y105        CARRY4 (Prop_carry4_S[0]_CO[1])
                                                      0.458     2.846 f  u_snn_lif/v_mem_reg[2][14]_i_9/CO[1]
                         net (fo=43, routed)          0.506     3.352    u_snn_lif/v_mem_reg[2][14]_i_9_n_2
    SLICE_X35Y105        LUT3 (Prop_lut3_I0_O)        0.332     3.684 r  u_snn_lif/v_mem[2][11]_i_5/O
                         net (fo=1, routed)           0.503     4.187    u_snn_lif/v_mem[2][11]_i_5_n_0
    SLICE_X29Y105        CARRY4 (Prop_carry4_CYINIT_CO[3])
                                                      0.580     4.767 r  u_snn_lif/v_mem_reg[2][11]_i_3/CO[3]
                         net (fo=1, routed)           0.000     4.767    u_snn_lif/v_mem_reg[2][11]_i_3_n_0
    SLICE_X29Y106        CARRY4 (Prop_carry4_CI_CO[3])
                                                      0.114     4.881 r  u_snn_lif/v_mem_reg[2][14]_i_6/CO[3]
                         net (fo=1, routed)           0.000     4.881    u_snn_lif/v_mem_reg[2][14]_i_6_n_0
    SLICE_X29Y107        CARRY4 (Prop_carry4_CI_CO[0])
                                                      0.271     5.152 r  u_snn_lif/v_mem_reg[2][15]_i_3/CO[0]
                         net (fo=3, routed)           0.612     5.764    u_snn_lif/v_mem_reg[2][15]_i_3_n_3
    SLICE_X28Y107        CARRY4 (Prop_carry4_S[1]_CO[1])
                                                      0.864     6.628 r  u_snn_lif/v_mem_reg[2][15]_i_4/CO[1]
                         net (fo=3, routed)           0.650     7.278    u_snn_lif/v_mem_reg[2][15]_i_4_n_2
    SLICE_X30Y108        LUT5 (Prop_lut5_I2_O)        0.329     7.607 r  u_snn_lif/v_mem[2][14]_i_3/O
                         net (fo=8, routed)           0.636     8.244    u_snn_lif/v_mem[2][14]_i_3_n_0
    SLICE_X32Y107        LUT6 (Prop_lut6_I1_O)        0.124     8.368 r  u_snn_lif/v_mem[2][11]_i_1/O
                         net (fo=1, routed)           0.000     8.368    u_snn_lif/v_mem[2][11]_i_1_n_0
    SLICE_X32Y107        FDRE                                         r  u_snn_lif/v_mem_reg[2][11]/D
  -------------------------------------------------------------------    -------------------

                         (clock clk100_unbuf rise edge)
                                                     10.000    10.000 r  
    E3                                                0.000    10.000 r  CLK100MHZ (IN)
                         net (fo=0)                   0.000    10.000    CLK100MHZ
    E3                   IBUF (Prop_ibuf_I_O)         1.411    11.411 r  CLK100MHZ_IBUF_inst/O
                         net (fo=2, routed)           1.162    12.573    u_clk_gen/clk100mhz_in
    MMCME2_ADV_X1Y2      MMCME2_ADV (Prop_mmcme2_adv_CLKIN1_CLKOUT1)
                                                     -7.324     5.249 r  u_clk_gen/mmcm_inst/CLKOUT1
                         net (fo=1, routed)           1.639     6.888    u_clk_gen/clk100_unbuf
    BUFGCTRL_X0Y16       BUFG (Prop_bufg_I_O)         0.091     6.979 r  u_clk_gen/bufg_100/O
                         net (fo=863, routed)         1.503     8.482    u_snn_lif/clk100
    SLICE_X32Y107        FDRE                                         r  u_snn_lif/v_mem_reg[2][11]/C
                         clock pessimism              0.577     9.059    
                         clock uncertainty           -0.074     8.985    
    SLICE_X32Y107        FDRE (Setup_fdre_C_D)        0.031     9.016    u_snn_lif/v_mem_reg[2][11]
  -------------------------------------------------------------------
                         required time                          9.016    
                         arrival time                          -8.368    
  -------------------------------------------------------------------
                         slack                                  0.649    

Slack (MET) :             0.651ns  (required time - arrival time)
  Source:                 u_snn_lif/delta_pipe_reg[2][2]/C
                            (rising edge-triggered cell FDRE clocked by clk100_unbuf  {rise@0.000ns fall@5.000ns period=10.000ns})
  Destination:            u_snn_lif/v_mem_reg[2][10]/D
                            (rising edge-triggered cell FDRE clocked by clk100_unbuf  {rise@0.000ns fall@5.000ns period=10.000ns})
  Path Group:             clk100_unbuf
  Path Type:              Setup (Max at Slow Process Corner)
  Requirement:            10.000ns  (clk100_unbuf rise@10.000ns - clk100_unbuf rise@0.000ns)
  Data Path Delay:        9.278ns  (logic 5.033ns (54.247%)  route 4.245ns (45.753%))
  Logic Levels:           14  (CARRY4=9 LUT2=2 LUT3=1 LUT5=1 LUT6=1)
  Clock Path Skew:        -0.027ns (DCD - SCD + CPR)
    Destination Clock Delay (DCD):    -1.518ns = ( 8.482 - 10.000 ) 
    Source Clock Delay      (SCD):    -0.914ns
    Clock Pessimism Removal (CPR):    0.577ns
  Clock Uncertainty:      0.074ns  ((TSJ^2 + DJ^2)^1/2) / 2 + PE
    Total System Jitter     (TSJ):    0.071ns
    Discrete Jitter          (DJ):    0.129ns
    Phase Error              (PE):    0.000ns

    Location             Delay type                Incr(ns)  Path(ns)    Netlist Resource(s)
  -------------------------------------------------------------------    -------------------
                         (clock clk100_unbuf rise edge)
                                                      0.000     0.000 r  
    E3                                                0.000     0.000 r  CLK100MHZ (IN)
                         net (fo=0)                   0.000     0.000    CLK100MHZ
    E3                   IBUF (Prop_ibuf_I_O)         1.482     1.482 r  CLK100MHZ_IBUF_inst/O
                         net (fo=2, routed)           1.233     2.715    u_clk_gen/clk100mhz_in
    MMCME2_ADV_X1Y2      MMCME2_ADV (Prop_mmcme2_adv_CLKIN1_CLKOUT1)
                                                     -7.070    -4.355 r  u_clk_gen/mmcm_inst/CLKOUT1
                         net (fo=1, routed)           1.719    -2.636    u_clk_gen/clk100_unbuf
    BUFGCTRL_X0Y16       BUFG (Prop_bufg_I_O)         0.096    -2.540 r  u_clk_gen/bufg_100/O
                         net (fo=863, routed)         1.626    -0.914    u_snn_lif/clk100
    SLICE_X30Y101        FDRE                                         r  u_snn_lif/delta_pipe_reg[2][2]/C
  -------------------------------------------------------------------    -------------------
    SLICE_X30Y101        FDRE (Prop_fdre_C_Q)         0.518    -0.396 r  u_snn_lif/delta_pipe_reg[2][2]/Q
                         net (fo=1, routed)           0.566     0.170    u_snn_lif/delta_pipe_reg[2]_2[2]
    SLICE_X32Y103        LUT2 (Prop_lut2_I1_O)        0.124     0.294 r  u_snn_lif/v_mem[2][4]_i_5/O
                         net (fo=1, routed)           0.000     0.294    u_snn_lif/v_mem[2][4]_i_5_n_0
    SLICE_X32Y103        CARRY4 (Prop_carry4_S[1]_CO[3])
                                                      0.550     0.844 r  u_snn_lif/v_mem_reg[2][4]_i_2/CO[3]
                         net (fo=1, routed)           0.000     0.844    u_snn_lif/v_mem_reg[2][4]_i_2_n_0
    SLICE_X32Y104        CARRY4 (Prop_carry4_CI_CO[3])
                                                      0.114     0.958 r  u_snn_lif/v_mem_reg[2][6]_i_4/CO[3]
                         net (fo=1, routed)           0.000     0.958    u_snn_lif/v_mem_reg[2][6]_i_4_n_0
    SLICE_X32Y105        CARRY4 (Prop_carry4_CI_CO[3])
                                                      0.114     1.072 r  u_snn_lif/v_mem_reg[2][12]_i_3/CO[3]
                         net (fo=1, routed)           0.000     1.072    u_snn_lif/v_mem_reg[2][12]_i_3_n_0
    SLICE_X32Y106        CARRY4 (Prop_carry4_CI_O[2])
                                                      0.239     1.311 r  u_snn_lif/v_mem_reg[2][14]_i_8/O[2]
                         net (fo=4, routed)           0.775     2.086    u_snn_lif/v_mem_reg[2][14]_i_8_n_5
    SLICE_X34Y105        LUT2 (Prop_lut2_I0_O)        0.302     2.388 r  u_snn_lif/v_mem[2][14]_i_40/O
                         net (fo=1, routed)           0.000     2.388    u_snn_lif/v_mem[2][14]_i_40_n_0
    SLICE_X34Y105        CARRY4 (Prop_carry4_S[0]_CO[1])
                                                      0.458     2.846 f  u_snn_lif/v_mem_reg[2][14]_i_9/CO[1]
                         net (fo=43, routed)          0.506     3.352    u_snn_lif/v_mem_reg[2][14]_i_9_n_2
    SLICE_X35Y105        LUT3 (Prop_lut3_I0_O)        0.332     3.684 r  u_snn_lif/v_mem[2][11]_i_5/O
                         net (fo=1, routed)           0.503     4.187    u_snn_lif/v_mem[2][11]_i_5_n_0
    SLICE_X29Y105        CARRY4 (Prop_carry4_CYINIT_CO[3])
                                                      0.580     4.767 r  u_snn_lif/v_mem_reg[2][11]_i_3/CO[3]
                         net (fo=1, routed)           0.000     4.767    u_snn_lif/v_mem_reg[2][11]_i_3_n_0
    SLICE_X29Y106        CARRY4 (Prop_carry4_CI_CO[3])
                                                      0.114     4.881 r  u_snn_lif/v_mem_reg[2][14]_i_6/CO[3]
                         net (fo=1, routed)           0.000     4.881    u_snn_lif/v_mem_reg[2][14]_i_6_n_0
    SLICE_X29Y107        CARRY4 (Prop_carry4_CI_CO[0])
                                                      0.271     5.152 r  u_snn_lif/v_mem_reg[2][15]_i_3/CO[0]
                         net (fo=3, routed)           0.612     5.764    u_snn_lif/v_mem_reg[2][15]_i_3_n_3
    SLICE_X28Y107        CARRY4 (Prop_carry4_S[1]_CO[1])
                                                      0.864     6.628 r  u_snn_lif/v_mem_reg[2][15]_i_4/CO[1]
                         net (fo=3, routed)           0.650     7.278    u_snn_lif/v_mem_reg[2][15]_i_4_n_2
    SLICE_X30Y108        LUT5 (Prop_lut5_I2_O)        0.329     7.607 r  u_snn_lif/v_mem[2][14]_i_3/O
                         net (fo=8, routed)           0.632     8.240    u_snn_lif/v_mem[2][14]_i_3_n_0
    SLICE_X32Y107        LUT6 (Prop_lut6_I1_O)        0.124     8.364 r  u_snn_lif/v_mem[2][10]_i_1/O
                         net (fo=1, routed)           0.000     8.364    u_snn_lif/v_mem[2][10]_i_1_n_0
    SLICE_X32Y107        FDRE                                         r  u_snn_lif/v_mem_reg[2][10]/D
  -------------------------------------------------------------------    -------------------

                         (clock clk100_unbuf rise edge)
                                                     10.000    10.000 r  
    E3                                                0.000    10.000 r  CLK100MHZ (IN)
                         net (fo=0)                   0.000    10.000    CLK100MHZ
    E3                   IBUF (Prop_ibuf_I_O)         1.411    11.411 r  CLK100MHZ_IBUF_inst/O
                         net (fo=2, routed)           1.162    12.573    u_clk_gen/clk100mhz_in
    MMCME2_ADV_X1Y2      MMCME2_ADV (Prop_mmcme2_adv_CLKIN1_CLKOUT1)
                                                     -7.324     5.249 r  u_clk_gen/mmcm_inst/CLKOUT1
                         net (fo=1, routed)           1.639     6.888    u_clk_gen/clk100_unbuf
    BUFGCTRL_X0Y16       BUFG (Prop_bufg_I_O)         0.091     6.979 r  u_clk_gen/bufg_100/O
                         net (fo=863, routed)         1.503     8.482    u_snn_lif/clk100
    SLICE_X32Y107        FDRE                                         r  u_snn_lif/v_mem_reg[2][10]/C
                         clock pessimism              0.577     9.059    
                         clock uncertainty           -0.074     8.985    
    SLICE_X32Y107        FDRE (Setup_fdre_C_D)        0.029     9.014    u_snn_lif/v_mem_reg[2][10]
  -------------------------------------------------------------------
                         required time                          9.014    
                         arrival time                          -8.364    
  -------------------------------------------------------------------
                         slack                                  0.651    





Min Delay Paths
--------------------------------------------------------------------------------------
Slack (MET) :             0.078ns  (arrival time - required time)
  Source:                 seq_div_val_reg[3]/C
                            (rising edge-triggered cell FDSE clocked by clk100_unbuf  {rise@0.000ns fall@5.000ns period=10.000ns})
  Destination:            u_mmcm_drp/target_div_reg[3]/D
                            (rising edge-triggered cell FDRE clocked by clk100_unbuf  {rise@0.000ns fall@5.000ns period=10.000ns})
  Path Group:             clk100_unbuf
  Path Type:              Hold (Min at Fast Process Corner)
  Requirement:            0.000ns  (clk100_unbuf rise@0.000ns - clk100_unbuf rise@0.000ns)
  Data Path Delay:        0.436ns  (logic 0.186ns (42.666%)  route 0.250ns (57.334%))
  Logic Levels:           1  (LUT6=1)
  Clock Path Skew:        0.266ns (DCD - SCD - CPR)
    Destination Clock Delay (DCD):    -0.799ns
    Source Clock Delay      (SCD):    -0.556ns
    Clock Pessimism Removal (CPR):    -0.509ns

    Location             Delay type                Incr(ns)  Path(ns)    Netlist Resource(s)
  -------------------------------------------------------------------    -------------------
                         (clock clk100_unbuf rise edge)
                                                      0.000     0.000 r  
    E3                                                0.000     0.000 r  CLK100MHZ (IN)
                         net (fo=0)                   0.000     0.000    CLK100MHZ
    E3                   IBUF (Prop_ibuf_I_O)         0.250     0.250 r  CLK100MHZ_IBUF_inst/O
                         net (fo=2, routed)           0.440     0.690    u_clk_gen/clk100mhz_in
    MMCME2_ADV_X1Y2      MMCME2_ADV (Prop_mmcme2_adv_CLKIN1_CLKOUT1)
                                                     -2.379    -1.689 r  u_clk_gen/mmcm_inst/CLKOUT1
                         net (fo=1, routed)           0.499    -1.190    u_clk_gen/clk100_unbuf
    BUFGCTRL_X0Y16       BUFG (Prop_bufg_I_O)         0.026    -1.164 r  u_clk_gen/bufg_100/O
                         net (fo=863, routed)         0.608    -0.556    clk100
    SLICE_X86Y99         FDSE                                         r  seq_div_val_reg[3]/C
  -------------------------------------------------------------------    -------------------
    SLICE_X86Y99         FDSE (Prop_fdse_C_Q)         0.141    -0.415 r  seq_div_val_reg[3]/Q
                         net (fo=5, routed)           0.250    -0.165    u_mmcm_drp/target_div_reg[5]_0[0]
    SLICE_X87Y100        LUT6 (Prop_lut6_I2_O)        0.045    -0.120 r  u_mmcm_drp/target_div[3]_i_1/O
                         net (fo=1, routed)           0.000    -0.120    u_mmcm_drp/target_div[3]_i_1_n_0
    SLICE_X87Y100        FDRE                                         r  u_mmcm_drp/target_div_reg[3]/D
  -------------------------------------------------------------------    -------------------

                         (clock clk100_unbuf rise edge)
                                                      0.000     0.000 r  
    E3                                                0.000     0.000 r  CLK100MHZ (IN)
                         net (fo=0)                   0.000     0.000    CLK100MHZ
    E3                   IBUF (Prop_ibuf_I_O)         0.438     0.438 r  CLK100MHZ_IBUF_inst/O
                         net (fo=2, routed)           0.480     0.918    u_clk_gen/clk100mhz_in
    MMCME2_ADV_X1Y2      MMCME2_ADV (Prop_mmcme2_adv_CLKIN1_CLKOUT1)
                                                     -3.163    -2.245 r  u_clk_gen/mmcm_inst/CLKOUT1
                         net (fo=1, routed)           0.544    -1.702    u_clk_gen/clk100_unbuf
    BUFGCTRL_X0Y16       BUFG (Prop_bufg_I_O)         0.029    -1.673 r  u_clk_gen/bufg_100/O
                         net (fo=863, routed)         0.873    -0.799    u_mmcm_drp/clk100
    SLICE_X87Y100        FDRE                                         r  u_mmcm_drp/target_div_reg[3]/C
                         clock pessimism              0.509    -0.290    
    SLICE_X87Y100        FDRE (Hold_fdre_C_D)         0.092    -0.198    u_mmcm_drp/target_div_reg[3]
  -------------------------------------------------------------------
                         required time                          0.198    
                         arrival time                          -0.120    
  -------------------------------------------------------------------
                         slack                                  0.078    

Slack (MET) :             0.099ns  (arrival time - required time)
  Source:                 u_mon_volt/v_soft_spike_reg/C
                            (rising edge-triggered cell FDRE clocked by clk100_unbuf  {rise@0.000ns fall@5.000ns period=10.000ns})
  Destination:            u_sensor_mux/spikes_active_reg[9]/D
                            (rising edge-triggered cell FDRE clocked by clk100_unbuf  {rise@0.000ns fall@5.000ns period=10.000ns})
  Path Group:             clk100_unbuf
  Path Type:              Hold (Min at Fast Process Corner)
  Requirement:            0.000ns  (clk100_unbuf rise@0.000ns - clk100_unbuf rise@0.000ns)
  Data Path Delay:        0.468ns  (logic 0.186ns (39.715%)  route 0.282ns (60.285%))
  Logic Levels:           1  (LUT4=1)
  Clock Path Skew:        0.278ns (DCD - SCD - CPR)
    Destination Clock Delay (DCD):    -0.830ns
    Source Clock Delay      (SCD):    -0.599ns
    Clock Pessimism Removal (CPR):    -0.509ns

    Location             Delay type                Incr(ns)  Path(ns)    Netlist Resource(s)
  -------------------------------------------------------------------    -------------------
                         (clock clk100_unbuf rise edge)
                                                      0.000     0.000 r  
    E3                                                0.000     0.000 r  CLK100MHZ (IN)
                         net (fo=0)                   0.000     0.000    CLK100MHZ
    E3                   IBUF (Prop_ibuf_I_O)         0.250     0.250 r  CLK100MHZ_IBUF_inst/O
                         net (fo=2, routed)           0.440     0.690    u_clk_gen/clk100mhz_in
    MMCME2_ADV_X1Y2      MMCME2_ADV (Prop_mmcme2_adv_CLKIN1_CLKOUT1)
                                                     -2.379    -1.689 r  u_clk_gen/mmcm_inst/CLKOUT1
                         net (fo=1, routed)           0.499    -1.190    u_clk_gen/clk100_unbuf
    BUFGCTRL_X0Y16       BUFG (Prop_bufg_I_O)         0.026    -1.164 r  u_clk_gen/bufg_100/O
                         net (fo=863, routed)         0.565    -0.599    u_mon_volt/clk100
    SLICE_X29Y107        FDRE                                         r  u_mon_volt/v_soft_spike_reg/C
  -------------------------------------------------------------------    -------------------
    SLICE_X29Y107        FDRE (Prop_fdre_C_Q)         0.141    -0.458 r  u_mon_volt/v_soft_spike_reg/Q
                         net (fo=1, routed)           0.282    -0.176    u_parser/is_alert_reg[1]
    SLICE_X29Y99         LUT4 (Prop_lut4_I0_O)        0.045    -0.131 r  u_parser/spikes_active[9]_i_1/O
                         net (fo=1, routed)           0.000    -0.131    u_sensor_mux/D[8]
    SLICE_X29Y99         FDRE                                         r  u_sensor_mux/spikes_active_reg[9]/D
  -------------------------------------------------------------------    -------------------

                         (clock clk100_unbuf rise edge)
                                                      0.000     0.000 r  
    E3                                                0.000     0.000 r  CLK100MHZ (IN)
                         net (fo=0)                   0.000     0.000    CLK100MHZ
    E3                   IBUF (Prop_ibuf_I_O)         0.438     0.438 r  CLK100MHZ_IBUF_inst/O
                         net (fo=2, routed)           0.480     0.918    u_clk_gen/clk100mhz_in
    MMCME2_ADV_X1Y2      MMCME2_ADV (Prop_mmcme2_adv_CLKIN1_CLKOUT1)
                                                     -3.163    -2.245 r  u_clk_gen/mmcm_inst/CLKOUT1
                         net (fo=1, routed)           0.544    -1.702    u_clk_gen/clk100_unbuf
    BUFGCTRL_X0Y16       BUFG (Prop_bufg_I_O)         0.029    -1.673 r  u_clk_gen/bufg_100/O
                         net (fo=863, routed)         0.843    -0.830    u_sensor_mux/clk100
    SLICE_X29Y99         FDRE                                         r  u_sensor_mux/spikes_active_reg[9]/C
                         clock pessimism              0.509    -0.321    
    SLICE_X29Y99         FDRE (Hold_fdre_C_D)         0.091    -0.230    u_sensor_mux/spikes_active_reg[9]
  -------------------------------------------------------------------
                         required time                          0.230    
                         arrival time                          -0.131    
  -------------------------------------------------------------------
                         slack                                  0.099    

Slack (MET) :             0.105ns  (arrival time - required time)
  Source:                 u_response/class_latched_reg[1]/C
                            (rising edge-triggered cell FDRE clocked by clk100_unbuf  {rise@0.000ns fall@5.000ns period=10.000ns})
  Destination:            u_telemetry/cath_reg_reg[3]/D
                            (rising edge-triggered cell FDSE clocked by clk100_unbuf  {rise@0.000ns fall@5.000ns period=10.000ns})
  Path Group:             clk100_unbuf
  Path Type:              Hold (Min at Fast Process Corner)
  Requirement:            0.000ns  (clk100_unbuf rise@0.000ns - clk100_unbuf rise@0.000ns)
  Data Path Delay:        0.484ns  (logic 0.251ns (51.838%)  route 0.233ns (48.162%))
  Logic Levels:           2  (LUT6=1 MUXF7=1)
  Clock Path Skew:        0.274ns (DCD - SCD - CPR)
    Destination Clock Delay (DCD):    -0.834ns
    Source Clock Delay      (SCD):    -0.599ns
    Clock Pessimism Removal (CPR):    -0.509ns

    Location             Delay type                Incr(ns)  Path(ns)    Netlist Resource(s)
  -------------------------------------------------------------------    -------------------
                         (clock clk100_unbuf rise edge)
                                                      0.000     0.000 r  
    E3                                                0.000     0.000 r  CLK100MHZ (IN)
                         net (fo=0)                   0.000     0.000    CLK100MHZ
    E3                   IBUF (Prop_ibuf_I_O)         0.250     0.250 r  CLK100MHZ_IBUF_inst/O
                         net (fo=2, routed)           0.440     0.690    u_clk_gen/clk100mhz_in
    MMCME2_ADV_X1Y2      MMCME2_ADV (Prop_mmcme2_adv_CLKIN1_CLKOUT1)
                                                     -2.379    -1.689 r  u_clk_gen/mmcm_inst/CLKOUT1
                         net (fo=1, routed)           0.499    -1.190    u_clk_gen/clk100_unbuf
    BUFGCTRL_X0Y16       BUFG (Prop_bufg_I_O)         0.026    -1.164 r  u_clk_gen/bufg_100/O
                         net (fo=863, routed)         0.565    -0.599    u_response/clk100
    SLICE_X37Y102        FDRE                                         r  u_response/class_latched_reg[1]/C
  -------------------------------------------------------------------    -------------------
    SLICE_X37Y102        FDRE (Prop_fdre_C_Q)         0.141    -0.458 f  u_response/class_latched_reg[1]/Q
                         net (fo=6, routed)           0.233    -0.225    u_response/active_class[1]
    SLICE_X43Y98         LUT6 (Prop_lut6_I1_O)        0.045    -0.180 r  u_response/cath_reg[3]_i_3/O
                         net (fo=1, routed)           0.000    -0.180    u_response/cath_reg[3]_i_3_n_0
    SLICE_X43Y98         MUXF7 (Prop_muxf7_I1_O)      0.065    -0.115 r  u_response/cath_reg_reg[3]_i_1/O
                         net (fo=1, routed)           0.000    -0.115    u_telemetry/D[0]
    SLICE_X43Y98         FDSE                                         r  u_telemetry/cath_reg_reg[3]/D
  -------------------------------------------------------------------    -------------------

                         (clock clk100_unbuf rise edge)
                                                      0.000     0.000 r  
    E3                                                0.000     0.000 r  CLK100MHZ (IN)
                         net (fo=0)                   0.000     0.000    CLK100MHZ
    E3                   IBUF (Prop_ibuf_I_O)         0.438     0.438 r  CLK100MHZ_IBUF_inst/O
                         net (fo=2, routed)           0.480     0.918    u_clk_gen/clk100mhz_in
    MMCME2_ADV_X1Y2      MMCME2_ADV (Prop_mmcme2_adv_CLKIN1_CLKOUT1)
                                                     -3.163    -2.245 r  u_clk_gen/mmcm_inst/CLKOUT1
                         net (fo=1, routed)           0.544    -1.702    u_clk_gen/clk100_unbuf
    BUFGCTRL_X0Y16       BUFG (Prop_bufg_I_O)         0.029    -1.673 r  u_clk_gen/bufg_100/O
                         net (fo=863, routed)         0.839    -0.834    u_telemetry/clk100
    SLICE_X43Y98         FDSE                                         r  u_telemetry/cath_reg_reg[3]/C
                         clock pessimism              0.509    -0.325    
    SLICE_X43Y98         FDSE (Hold_fdse_C_D)         0.105    -0.220    u_telemetry/cath_reg_reg[3]
  -------------------------------------------------------------------
                         required time                          0.220    
                         arrival time                          -0.115    
  -------------------------------------------------------------------
                         slack                                  0.105    

Slack (MET) :             0.106ns  (arrival time - required time)
  Source:                 u_telemetry/mux_counter_reg[11]/C
                            (rising edge-triggered cell FDRE clocked by clk100_unbuf  {rise@0.000ns fall@5.000ns period=10.000ns})
  Destination:            u_telemetry/mux_counter_reg[12]/D
                            (rising edge-triggered cell FDRE clocked by clk100_unbuf  {rise@0.000ns fall@5.000ns period=10.000ns})
  Path Group:             clk100_unbuf
  Path Type:              Hold (Min at Fast Process Corner)
  Requirement:            0.000ns  (clk100_unbuf rise@0.000ns - clk100_unbuf rise@0.000ns)
  Data Path Delay:        0.475ns  (logic 0.355ns (74.742%)  route 0.120ns (25.258%))
  Logic Levels:           2  (CARRY4=2)
  Clock Path Skew:        0.264ns (DCD - SCD - CPR)
    Destination Clock Delay (DCD):    -0.840ns
    Source Clock Delay      (SCD):    -0.595ns
    Clock Pessimism Removal (CPR):    -0.509ns

    Location             Delay type                Incr(ns)  Path(ns)    Netlist Resource(s)
  -------------------------------------------------------------------    -------------------
                         (clock clk100_unbuf rise edge)
                                                      0.000     0.000 r  
    E3                                                0.000     0.000 r  CLK100MHZ (IN)
                         net (fo=0)                   0.000     0.000    CLK100MHZ
    E3                   IBUF (Prop_ibuf_I_O)         0.250     0.250 r  CLK100MHZ_IBUF_inst/O
                         net (fo=2, routed)           0.440     0.690    u_clk_gen/clk100mhz_in
    MMCME2_ADV_X1Y2      MMCME2_ADV (Prop_mmcme2_adv_CLKIN1_CLKOUT1)
                                                     -2.379    -1.689 r  u_clk_gen/mmcm_inst/CLKOUT1
                         net (fo=1, routed)           0.499    -1.190    u_clk_gen/clk100_unbuf
    BUFGCTRL_X0Y16       BUFG (Prop_bufg_I_O)         0.026    -1.164 r  u_clk_gen/bufg_100/O
                         net (fo=863, routed)         0.569    -0.595    u_telemetry/clk100
    SLICE_X45Y99         FDRE                                         r  u_telemetry/mux_counter_reg[11]/C
  -------------------------------------------------------------------    -------------------
    SLICE_X45Y99         FDRE (Prop_fdre_C_Q)         0.141    -0.454 r  u_telemetry/mux_counter_reg[11]/Q
                         net (fo=2, routed)           0.119    -0.335    u_telemetry/mux_counter_reg[11]
    SLICE_X45Y99         CARRY4 (Prop_carry4_S[3]_CO[3])
                                                      0.160    -0.175 r  u_telemetry/mux_counter_reg[8]_i_1/CO[3]
                         net (fo=1, routed)           0.001    -0.174    u_telemetry/mux_counter_reg[8]_i_1_n_0
    SLICE_X45Y100        CARRY4 (Prop_carry4_CI_O[0])
                                                      0.054    -0.120 r  u_telemetry/mux_counter_reg[12]_i_1/O[0]
                         net (fo=1, routed)           0.000    -0.120    u_telemetry/mux_counter_reg[12]_i_1_n_7
    SLICE_X45Y100        FDRE                                         r  u_telemetry/mux_counter_reg[12]/D
  -------------------------------------------------------------------    -------------------

                         (clock clk100_unbuf rise edge)
                                                      0.000     0.000 r  
    E3                                                0.000     0.000 r  CLK100MHZ (IN)
                         net (fo=0)                   0.000     0.000    CLK100MHZ
    E3                   IBUF (Prop_ibuf_I_O)         0.438     0.438 r  CLK100MHZ_IBUF_inst/O
                         net (fo=2, routed)           0.480     0.918    u_clk_gen/clk100mhz_in
    MMCME2_ADV_X1Y2      MMCME2_ADV (Prop_mmcme2_adv_CLKIN1_CLKOUT1)
                                                     -3.163    -2.245 r  u_clk_gen/mmcm_inst/CLKOUT1
                         net (fo=1, routed)           0.544    -1.702    u_clk_gen/clk100_unbuf
    BUFGCTRL_X0Y16       BUFG (Prop_bufg_I_O)         0.029    -1.673 r  u_clk_gen/bufg_100/O
                         net (fo=863, routed)         0.833    -0.840    u_telemetry/clk100
    SLICE_X45Y100        FDRE                                         r  u_telemetry/mux_counter_reg[12]/C
                         clock pessimism              0.509    -0.331    
    SLICE_X45Y100        FDRE (Hold_fdre_C_D)         0.105    -0.226    u_telemetry/mux_counter_reg[12]
  -------------------------------------------------------------------
                         required time                          0.226    
                         arrival time                          -0.120    
  -------------------------------------------------------------------
                         slack                                  0.106    

Slack (MET) :             0.122ns  (arrival time - required time)
  Source:                 rstn_sync1_reg/C
                            (rising edge-triggered cell FDRE clocked by clk100_unbuf  {rise@0.000ns fall@5.000ns period=10.000ns})
  Destination:            rstn_sync2_reg/D
                            (rising edge-triggered cell FDRE clocked by clk100_unbuf  {rise@0.000ns fall@5.000ns period=10.000ns})
  Path Group:             clk100_unbuf
  Path Type:              Hold (Min at Fast Process Corner)
  Requirement:            0.000ns  (clk100_unbuf rise@0.000ns - clk100_unbuf rise@0.000ns)
  Data Path Delay:        0.197ns  (logic 0.141ns (71.611%)  route 0.056ns (28.389%))
  Logic Levels:           0  
  Clock Path Skew:        0.000ns (DCD - SCD - CPR)
    Destination Clock Delay (DCD):    -0.842ns
    Source Clock Delay      (SCD):    -0.604ns
    Clock Pessimism Removal (CPR):    -0.238ns

    Location             Delay type                Incr(ns)  Path(ns)    Netlist Resource(s)
  -------------------------------------------------------------------    -------------------
                         (clock clk100_unbuf rise edge)
                                                      0.000     0.000 r  
    E3                                                0.000     0.000 r  CLK100MHZ (IN)
                         net (fo=0)                   0.000     0.000    CLK100MHZ
    E3                   IBUF (Prop_ibuf_I_O)         0.250     0.250 r  CLK100MHZ_IBUF_inst/O
                         net (fo=2, routed)           0.440     0.690    u_clk_gen/clk100mhz_in
    MMCME2_ADV_X1Y2      MMCME2_ADV (Prop_mmcme2_adv_CLKIN1_CLKOUT1)
                                                     -2.379    -1.689 r  u_clk_gen/mmcm_inst/CLKOUT1
                         net (fo=1, routed)           0.499    -1.190    u_clk_gen/clk100_unbuf
    BUFGCTRL_X0Y16       BUFG (Prop_bufg_I_O)         0.026    -1.164 r  u_clk_gen/bufg_100/O
                         net (fo=863, routed)         0.560    -0.604    clk100
    SLICE_X49Y103        FDRE                                         r  rstn_sync1_reg/C
  -------------------------------------------------------------------    -------------------
    SLICE_X49Y103        FDRE (Prop_fdre_C_Q)         0.141    -0.463 r  rstn_sync1_reg/Q
                         net (fo=1, routed)           0.056    -0.407    rstn_sync1
    SLICE_X49Y103        FDRE                                         r  rstn_sync2_reg/D
  -------------------------------------------------------------------    -------------------

                         (clock clk100_unbuf rise edge)
                                                      0.000     0.000 r  
    E3                                                0.000     0.000 r  CLK100MHZ (IN)
                         net (fo=0)                   0.000     0.000    CLK100MHZ
    E3                   IBUF (Prop_ibuf_I_O)         0.438     0.438 r  CLK100MHZ_IBUF_inst/O
                         net (fo=2, routed)           0.480     0.918    u_clk_gen/clk100mhz_in
    MMCME2_ADV_X1Y2      MMCME2_ADV (Prop_mmcme2_adv_CLKIN1_CLKOUT1)
                                                     -3.163    -2.245 r  u_clk_gen/mmcm_inst/CLKOUT1
                         net (fo=1, routed)           0.544    -1.702    u_clk_gen/clk100_unbuf
    BUFGCTRL_X0Y16       BUFG (Prop_bufg_I_O)         0.029    -1.673 r  u_clk_gen/bufg_100/O
                         net (fo=863, routed)         0.831    -0.842    clk100
    SLICE_X49Y103        FDRE                                         r  rstn_sync2_reg/C
                         clock pessimism              0.238    -0.604    
    SLICE_X49Y103        FDRE (Hold_fdre_C_D)         0.075    -0.529    rstn_sync2_reg
  -------------------------------------------------------------------
                         required time                          0.529    
                         arrival time                          -0.407    
  -------------------------------------------------------------------
                         slack                                  0.122    

Slack (MET) :             0.124ns  (arrival time - required time)
  Source:                 u_response/class_latched_reg[0]/C
                            (rising edge-triggered cell FDRE clocked by clk100_unbuf  {rise@0.000ns fall@5.000ns period=10.000ns})
  Destination:            u_telemetry/cath_reg_reg[2]/D
                            (rising edge-triggered cell FDSE clocked by clk100_unbuf  {rise@0.000ns fall@5.000ns period=10.000ns})
  Path Group:             clk100_unbuf
  Path Type:              Hold (Min at Fast Process Corner)
  Requirement:            0.000ns  (clk100_unbuf rise@0.000ns - clk100_unbuf rise@0.000ns)
  Data Path Delay:        0.505ns  (logic 0.251ns (49.725%)  route 0.254ns (50.275%))
  Logic Levels:           2  (LUT6=1 MUXF7=1)
  Clock Path Skew:        0.276ns (DCD - SCD - CPR)
    Destination Clock Delay (DCD):    -0.832ns
    Source Clock Delay      (SCD):    -0.599ns
    Clock Pessimism Removal (CPR):    -0.509ns

    Location             Delay type                Incr(ns)  Path(ns)    Netlist Resource(s)
  -------------------------------------------------------------------    -------------------
                         (clock clk100_unbuf rise edge)
                                                      0.000     0.000 r  
    E3                                                0.000     0.000 r  CLK100MHZ (IN)
                         net (fo=0)                   0.000     0.000    CLK100MHZ
    E3                   IBUF (Prop_ibuf_I_O)         0.250     0.250 r  CLK100MHZ_IBUF_inst/O
                         net (fo=2, routed)           0.440     0.690    u_clk_gen/clk100mhz_in
    MMCME2_ADV_X1Y2      MMCME2_ADV (Prop_mmcme2_adv_CLKIN1_CLKOUT1)
                                                     -2.379    -1.689 r  u_clk_gen/mmcm_inst/CLKOUT1
                         net (fo=1, routed)           0.499    -1.190    u_clk_gen/clk100_unbuf
    BUFGCTRL_X0Y16       BUFG (Prop_bufg_I_O)         0.026    -1.164 r  u_clk_gen/bufg_100/O
                         net (fo=863, routed)         0.565    -0.599    u_response/clk100
    SLICE_X37Y102        FDRE                                         r  u_response/class_latched_reg[0]/C
  -------------------------------------------------------------------    -------------------
    SLICE_X37Y102        FDRE (Prop_fdre_C_Q)         0.141    -0.458 f  u_response/class_latched_reg[0]/Q
                         net (fo=6, routed)           0.254    -0.204    u_response/active_class[0]
    SLICE_X41Y97         LUT6 (Prop_lut6_I0_O)        0.045    -0.159 r  u_response/cath_reg[2]_i_3/O
                         net (fo=1, routed)           0.000    -0.159    u_telemetry/cath_reg_reg[2]_0
    SLICE_X41Y97         MUXF7 (Prop_muxf7_I1_O)      0.065    -0.094 r  u_telemetry/cath_reg_reg[2]_i_1/O
                         net (fo=1, routed)           0.000    -0.094    u_telemetry/cath_reg[2]
    SLICE_X41Y97         FDSE                                         r  u_telemetry/cath_reg_reg[2]/D
  -------------------------------------------------------------------    -------------------

                         (clock clk100_unbuf rise edge)
                                                      0.000     0.000 r  
    E3                                                0.000     0.000 r  CLK100MHZ (IN)
                         net (fo=0)                   0.000     0.000    CLK100MHZ
    E3                   IBUF (Prop_ibuf_I_O)         0.438     0.438 r  CLK100MHZ_IBUF_inst/O
                         net (fo=2, routed)           0.480     0.918    u_clk_gen/clk100mhz_in
    MMCME2_ADV_X1Y2      MMCME2_ADV (Prop_mmcme2_adv_CLKIN1_CLKOUT1)
                                                     -3.163    -2.245 r  u_clk_gen/mmcm_inst/CLKOUT1
                         net (fo=1, routed)           0.544    -1.702    u_clk_gen/clk100_unbuf
    BUFGCTRL_X0Y16       BUFG (Prop_bufg_I_O)         0.029    -1.673 r  u_clk_gen/bufg_100/O
                         net (fo=863, routed)         0.841    -0.832    u_telemetry/clk100
    SLICE_X41Y97         FDSE                                         r  u_telemetry/cath_reg_reg[2]/C
                         clock pessimism              0.509    -0.323    
    SLICE_X41Y97         FDSE (Hold_fdse_C_D)         0.105    -0.218    u_telemetry/cath_reg_reg[2]
  -------------------------------------------------------------------
                         required time                          0.218    
                         arrival time                          -0.094    
  -------------------------------------------------------------------
                         slack                                  0.124    

Slack (MET) :             0.129ns  (arrival time - required time)
  Source:                 seq_div_val_reg[2]/C
                            (rising edge-triggered cell FDRE clocked by clk100_unbuf  {rise@0.000ns fall@5.000ns period=10.000ns})
  Destination:            u_mmcm_drp/target_div_reg[2]/D
                            (rising edge-triggered cell FDRE clocked by clk100_unbuf  {rise@0.000ns fall@5.000ns period=10.000ns})
  Path Group:             clk100_unbuf
  Path Type:              Hold (Min at Fast Process Corner)
  Requirement:            0.000ns  (clk100_unbuf rise@0.000ns - clk100_unbuf rise@0.000ns)
  Data Path Delay:        0.502ns  (logic 0.226ns (45.044%)  route 0.276ns (54.956%))
  Logic Levels:           1  (LUT5=1)
  Clock Path Skew:        0.266ns (DCD - SCD - CPR)
    Destination Clock Delay (DCD):    -0.799ns
    Source Clock Delay      (SCD):    -0.556ns
    Clock Pessimism Removal (CPR):    -0.509ns

    Location             Delay type                Incr(ns)  Path(ns)    Netlist Resource(s)
  -------------------------------------------------------------------    -------------------
                         (clock clk100_unbuf rise edge)
                                                      0.000     0.000 r  
    E3                                                0.000     0.000 r  CLK100MHZ (IN)
                         net (fo=0)                   0.000     0.000    CLK100MHZ
    E3                   IBUF (Prop_ibuf_I_O)         0.250     0.250 r  CLK100MHZ_IBUF_inst/O
                         net (fo=2, routed)           0.440     0.690    u_clk_gen/clk100mhz_in
    MMCME2_ADV_X1Y2      MMCME2_ADV (Prop_mmcme2_adv_CLKIN1_CLKOUT1)
                                                     -2.379    -1.689 r  u_clk_gen/mmcm_inst/CLKOUT1
                         net (fo=1, routed)           0.499    -1.190    u_clk_gen/clk100_unbuf
    BUFGCTRL_X0Y16       BUFG (Prop_bufg_I_O)         0.026    -1.164 r  u_clk_gen/bufg_100/O
                         net (fo=863, routed)         0.608    -0.556    clk100
    SLICE_X86Y99         FDRE                                         r  seq_div_val_reg[2]/C
  -------------------------------------------------------------------    -------------------
    SLICE_X86Y99         FDRE (Prop_fdre_C_Q)         0.128    -0.428 r  seq_div_val_reg[2]/Q
                         net (fo=6, routed)           0.276    -0.153    u_parser/target_div_reg[7][1]
    SLICE_X87Y100        LUT5 (Prop_lut5_I4_O)        0.098    -0.055 r  u_parser/target_div[2]_i_1/O
                         net (fo=1, routed)           0.000    -0.055    u_mmcm_drp/D[2]
    SLICE_X87Y100        FDRE                                         r  u_mmcm_drp/target_div_reg[2]/D
  -------------------------------------------------------------------    -------------------

                         (clock clk100_unbuf rise edge)
                                                      0.000     0.000 r  
    E3                                                0.000     0.000 r  CLK100MHZ (IN)
                         net (fo=0)                   0.000     0.000    CLK100MHZ
    E3                   IBUF (Prop_ibuf_I_O)         0.438     0.438 r  CLK100MHZ_IBUF_inst/O
                         net (fo=2, routed)           0.480     0.918    u_clk_gen/clk100mhz_in
    MMCME2_ADV_X1Y2      MMCME2_ADV (Prop_mmcme2_adv_CLKIN1_CLKOUT1)
                                                     -3.163    -2.245 r  u_clk_gen/mmcm_inst/CLKOUT1
                         net (fo=1, routed)           0.544    -1.702    u_clk_gen/clk100_unbuf
    BUFGCTRL_X0Y16       BUFG (Prop_bufg_I_O)         0.029    -1.673 r  u_clk_gen/bufg_100/O
                         net (fo=863, routed)         0.873    -0.799    u_mmcm_drp/clk100
    SLICE_X87Y100        FDRE                                         r  u_mmcm_drp/target_div_reg[2]/C
                         clock pessimism              0.509    -0.290    
    SLICE_X87Y100        FDRE (Hold_fdre_C_D)         0.107    -0.183    u_mmcm_drp/target_div_reg[2]
  -------------------------------------------------------------------
                         required time                          0.183    
                         arrival time                          -0.055    
  -------------------------------------------------------------------
                         slack                                  0.129    

Slack (MET) :             0.131ns  (arrival time - required time)
  Source:                 u_uart/tx_bit_idx_reg[1]/C
                            (rising edge-triggered cell FDRE clocked by clk100_unbuf  {rise@0.000ns fall@5.000ns period=10.000ns})
  Destination:            u_uart/tx_pin_reg_reg/D
                            (rising edge-triggered cell FDSE clocked by clk100_unbuf  {rise@0.000ns fall@5.000ns period=10.000ns})
  Path Group:             clk100_unbuf
  Path Type:              Hold (Min at Fast Process Corner)
  Requirement:            0.000ns  (clk100_unbuf rise@0.000ns - clk100_unbuf rise@0.000ns)
  Data Path Delay:        0.264ns  (logic 0.186ns (70.426%)  route 0.078ns (29.574%))
  Logic Levels:           1  (LUT6=1)
  Clock Path Skew:        0.013ns (DCD - SCD - CPR)
    Destination Clock Delay (DCD):    -0.835ns
    Source Clock Delay      (SCD):    -0.597ns
    Clock Pessimism Removal (CPR):    -0.251ns

    Location             Delay type                Incr(ns)  Path(ns)    Netlist Resource(s)
  -------------------------------------------------------------------    -------------------
                         (clock clk100_unbuf rise edge)
                                                      0.000     0.000 r  
    E3                                                0.000     0.000 r  CLK100MHZ (IN)
                         net (fo=0)                   0.000     0.000    CLK100MHZ
    E3                   IBUF (Prop_ibuf_I_O)         0.250     0.250 r  CLK100MHZ_IBUF_inst/O
                         net (fo=2, routed)           0.440     0.690    u_clk_gen/clk100mhz_in
    MMCME2_ADV_X1Y2      MMCME2_ADV (Prop_mmcme2_adv_CLKIN1_CLKOUT1)
                                                     -2.379    -1.689 r  u_clk_gen/mmcm_inst/CLKOUT1
                         net (fo=1, routed)           0.499    -1.190    u_clk_gen/clk100_unbuf
    BUFGCTRL_X0Y16       BUFG (Prop_bufg_I_O)         0.026    -1.164 r  u_clk_gen/bufg_100/O
                         net (fo=863, routed)         0.567    -0.597    u_uart/clk100
    SLICE_X47Y98         FDRE                                         r  u_uart/tx_bit_idx_reg[1]/C
  -------------------------------------------------------------------    -------------------
    SLICE_X47Y98         FDRE (Prop_fdre_C_Q)         0.141    -0.456 r  u_uart/tx_bit_idx_reg[1]/Q
                         net (fo=5, routed)           0.078    -0.378    u_uart/tx_bit_idx_reg_n_0_[1]
    SLICE_X46Y98         LUT6 (Prop_lut6_I2_O)        0.045    -0.333 r  u_uart/tx_pin_reg_i_2/O
                         net (fo=1, routed)           0.000    -0.333    u_uart/tx_pin_reg_i_2_n_0
    SLICE_X46Y98         FDSE                                         r  u_uart/tx_pin_reg_reg/D
  -------------------------------------------------------------------    -------------------

                         (clock clk100_unbuf rise edge)
                                                      0.000     0.000 r  
    E3                                                0.000     0.000 r  CLK100MHZ (IN)
                         net (fo=0)                   0.000     0.000    CLK100MHZ
    E3                   IBUF (Prop_ibuf_I_O)         0.438     0.438 r  CLK100MHZ_IBUF_inst/O
                         net (fo=2, routed)           0.480     0.918    u_clk_gen/clk100mhz_in
    MMCME2_ADV_X1Y2      MMCME2_ADV (Prop_mmcme2_adv_CLKIN1_CLKOUT1)
                                                     -3.163    -2.245 r  u_clk_gen/mmcm_inst/CLKOUT1
                         net (fo=1, routed)           0.544    -1.702    u_clk_gen/clk100_unbuf
    BUFGCTRL_X0Y16       BUFG (Prop_bufg_I_O)         0.029    -1.673 r  u_clk_gen/bufg_100/O
                         net (fo=863, routed)         0.838    -0.835    u_uart/clk100
    SLICE_X46Y98         FDSE                                         r  u_uart/tx_pin_reg_reg/C
                         clock pessimism              0.251    -0.584    
    SLICE_X46Y98         FDSE (Hold_fdse_C_D)         0.120    -0.464    u_uart/tx_pin_reg_reg
  -------------------------------------------------------------------
                         required time                          0.464    
                         arrival time                          -0.333    
  -------------------------------------------------------------------
                         slack                                  0.131    

Slack (MET) :             0.131ns  (arrival time - required time)
  Source:                 u_uart/rx_sync1_reg/C
                            (rising edge-triggered cell FDSE clocked by clk100_unbuf  {rise@0.000ns fall@5.000ns period=10.000ns})
  Destination:            u_uart/rx_sync2_reg/D
                            (rising edge-triggered cell FDSE clocked by clk100_unbuf  {rise@0.000ns fall@5.000ns period=10.000ns})
  Path Group:             clk100_unbuf
  Path Type:              Hold (Min at Fast Process Corner)
  Requirement:            0.000ns  (clk100_unbuf rise@0.000ns - clk100_unbuf rise@0.000ns)
  Data Path Delay:        0.206ns  (logic 0.141ns (68.336%)  route 0.065ns (31.664%))
  Logic Levels:           0  
  Clock Path Skew:        0.000ns (DCD - SCD - CPR)
    Destination Clock Delay (DCD):    -0.836ns
    Source Clock Delay      (SCD):    -0.598ns
    Clock Pessimism Removal (CPR):    -0.238ns

    Location             Delay type                Incr(ns)  Path(ns)    Netlist Resource(s)
  -------------------------------------------------------------------    -------------------
                         (clock clk100_unbuf rise edge)
                                                      0.000     0.000 r  
    E3                                                0.000     0.000 r  CLK100MHZ (IN)
                         net (fo=0)                   0.000     0.000    CLK100MHZ
    E3                   IBUF (Prop_ibuf_I_O)         0.250     0.250 r  CLK100MHZ_IBUF_inst/O
                         net (fo=2, routed)           0.440     0.690    u_clk_gen/clk100mhz_in
    MMCME2_ADV_X1Y2      MMCME2_ADV (Prop_mmcme2_adv_CLKIN1_CLKOUT1)
                                                     -2.379    -1.689 r  u_clk_gen/mmcm_inst/CLKOUT1
                         net (fo=1, routed)           0.499    -1.190    u_clk_gen/clk100_unbuf
    BUFGCTRL_X0Y16       BUFG (Prop_bufg_I_O)         0.026    -1.164 r  u_clk_gen/bufg_100/O
                         net (fo=863, routed)         0.566    -0.598    u_uart/clk100
    SLICE_X48Y93         FDSE                                         r  u_uart/rx_sync1_reg/C
  -------------------------------------------------------------------    -------------------
    SLICE_X48Y93         FDSE (Prop_fdse_C_Q)         0.141    -0.457 r  u_uart/rx_sync1_reg/Q
                         net (fo=1, routed)           0.065    -0.392    u_uart/rx_sync1
    SLICE_X48Y93         FDSE                                         r  u_uart/rx_sync2_reg/D
  -------------------------------------------------------------------    -------------------

                         (clock clk100_unbuf rise edge)
                                                      0.000     0.000 r  
    E3                                                0.000     0.000 r  CLK100MHZ (IN)
                         net (fo=0)                   0.000     0.000    CLK100MHZ
    E3                   IBUF (Prop_ibuf_I_O)         0.438     0.438 r  CLK100MHZ_IBUF_inst/O
                         net (fo=2, routed)           0.480     0.918    u_clk_gen/clk100mhz_in
    MMCME2_ADV_X1Y2      MMCME2_ADV (Prop_mmcme2_adv_CLKIN1_CLKOUT1)
                                                     -3.163    -2.245 r  u_clk_gen/mmcm_inst/CLKOUT1
                         net (fo=1, routed)           0.544    -1.702    u_clk_gen/clk100_unbuf
    BUFGCTRL_X0Y16       BUFG (Prop_bufg_I_O)         0.029    -1.673 r  u_clk_gen/bufg_100/O
                         net (fo=863, routed)         0.837    -0.836    u_uart/clk100
    SLICE_X48Y93         FDSE                                         r  u_uart/rx_sync2_reg/C
                         clock pessimism              0.238    -0.598    
    SLICE_X48Y93         FDSE (Hold_fdse_C_D)         0.075    -0.523    u_uart/rx_sync2_reg
  -------------------------------------------------------------------
                         required time                          0.523    
                         arrival time                          -0.392    
  -------------------------------------------------------------------
                         slack                                  0.131    

Slack (MET) :             0.139ns  (arrival time - required time)
  Source:                 u_mon_clk/edge_counter_reg[0]/C
                            (rising edge-triggered cell FDRE clocked by clk100_unbuf  {rise@0.000ns fall@5.000ns period=10.000ns})
  Destination:            u_mon_clk/live_edge_count_reg[0]/D
                            (rising edge-triggered cell FDRE clocked by clk100_unbuf  {rise@0.000ns fall@5.000ns period=10.000ns})
  Path Group:             clk100_unbuf
  Path Type:              Hold (Min at Fast Process Corner)
  Requirement:            0.000ns  (clk100_unbuf rise@0.000ns - clk100_unbuf rise@0.000ns)
  Data Path Delay:        0.468ns  (logic 0.141ns (30.149%)  route 0.327ns (69.851%))
  Logic Levels:           0  
  Clock Path Skew:        0.259ns (DCD - SCD - CPR)
    Destination Clock Delay (DCD):    -0.843ns
    Source Clock Delay      (SCD):    -0.598ns
    Clock Pessimism Removal (CPR):    -0.504ns

    Location             Delay type                Incr(ns)  Path(ns)    Netlist Resource(s)
  -------------------------------------------------------------------    -------------------
                         (clock clk100_unbuf rise edge)
                                                      0.000     0.000 r  
    E3                                                0.000     0.000 r  CLK100MHZ (IN)
                         net (fo=0)                   0.000     0.000    CLK100MHZ
    E3                   IBUF (Prop_ibuf_I_O)         0.250     0.250 r  CLK100MHZ_IBUF_inst/O
                         net (fo=2, routed)           0.440     0.690    u_clk_gen/clk100mhz_in
    MMCME2_ADV_X1Y2      MMCME2_ADV (Prop_mmcme2_adv_CLKIN1_CLKOUT1)
                                                     -2.379    -1.689 r  u_clk_gen/mmcm_inst/CLKOUT1
                         net (fo=1, routed)           0.499    -1.190    u_clk_gen/clk100_unbuf
    BUFGCTRL_X0Y16       BUFG (Prop_bufg_I_O)         0.026    -1.164 r  u_clk_gen/bufg_100/O
                         net (fo=863, routed)         0.566    -0.598    u_mon_clk/clk100
    SLICE_X37Y86         FDRE                                         r  u_mon_clk/edge_counter_reg[0]/C
  -------------------------------------------------------------------    -------------------
    SLICE_X37Y86         FDRE (Prop_fdre_C_Q)         0.141    -0.457 r  u_mon_clk/edge_counter_reg[0]/Q
                         net (fo=2, routed)           0.327    -0.131    u_mon_clk/edge_counter_reg[0]
    SLICE_X52Y87         FDRE                                         r  u_mon_clk/live_edge_count_reg[0]/D
  -------------------------------------------------------------------    -------------------

                         (clock clk100_unbuf rise edge)
                                                      0.000     0.000 r  
    E3                                                0.000     0.000 r  CLK100MHZ (IN)
                         net (fo=0)                   0.000     0.000    CLK100MHZ
    E3                   IBUF (Prop_ibuf_I_O)         0.438     0.438 r  CLK100MHZ_IBUF_inst/O
                         net (fo=2, routed)           0.480     0.918    u_clk_gen/clk100mhz_in
    MMCME2_ADV_X1Y2      MMCME2_ADV (Prop_mmcme2_adv_CLKIN1_CLKOUT1)
                                                     -3.163    -2.245 r  u_clk_gen/mmcm_inst/CLKOUT1
                         net (fo=1, routed)           0.544    -1.702    u_clk_gen/clk100_unbuf
    BUFGCTRL_X0Y16       BUFG (Prop_bufg_I_O)         0.029    -1.673 r  u_clk_gen/bufg_100/O
                         net (fo=863, routed)         0.830    -0.843    u_mon_clk/clk100
    SLICE_X52Y87         FDRE                                         r  u_mon_clk/live_edge_count_reg[0]/C
                         clock pessimism              0.504    -0.339    
    SLICE_X52Y87         FDRE (Hold_fdre_C_D)         0.070    -0.269    u_mon_clk/live_edge_count_reg[0]
  -------------------------------------------------------------------
                         required time                          0.269    
                         arrival time                          -0.131    
  -------------------------------------------------------------------
                         slack                                  0.139    





Pulse Width Checks
--------------------------------------------------------------------------------------
Clock Name:         clk100_unbuf
Waveform(ns):       { 0.000 5.000 }
Period(ns):         10.000
Sources:            { u_clk_gen/mmcm_inst/CLKOUT1 }

Check Type        Corner  Lib Pin             Reference Pin  Required(ns)  Actual(ns)  Slack(ns)  Location         Pin
Min Period        n/a     XADC/DCLK           n/a            4.000         10.000      6.000      XADC_X0Y0        u_mon_volt/xadc_inst/DCLK
Min Period        n/a     BUFG/I              n/a            2.155         10.000      7.845      BUFGCTRL_X0Y16   u_clk_gen/bufg_100/I
Min Period        n/a     DSP48E1/CLK         n/a            2.154         10.000      7.846      DSP48_X2Y40      u_mmcm_drp/dur_cycles_reg/CLK
Min Period        n/a     DSP48E1/CLK         n/a            2.154         10.000      7.846      DSP48_X1Y34      u_mon_clk/diff_mult_pipe1_reg/CLK
Min Period        n/a     DSP48E1/CLK         n/a            2.154         10.000      7.846      DSP48_X0Y47      u_mon_volt/diff_mult_p1_reg/CLK
Min Period        n/a     MMCME2_ADV/CLKOUT1  n/a            1.249         10.000      8.751      MMCME2_ADV_X1Y2  u_clk_gen/mmcm_inst/CLKOUT1
Min Period        n/a     FDRE/C              n/a            1.000         10.000      9.000      SLICE_X82Y98     FSM_sequential_seq_state_reg[0]/C
Min Period        n/a     FDRE/C              n/a            1.000         10.000      9.000      SLICE_X82Y98     FSM_sequential_seq_state_reg[1]/C
Min Period        n/a     FDRE/C              n/a            1.000         10.000      9.000      SLICE_X82Y97     btnc_d1_reg/C
Min Period        n/a     FDRE/C              n/a            1.000         10.000      9.000      SLICE_X82Y97     btnc_d2_reg/C
Max Period        n/a     MMCME2_ADV/CLKOUT1  n/a            213.360       10.000      203.360    MMCME2_ADV_X1Y2  u_clk_gen/mmcm_inst/CLKOUT1
Low Pulse Width   Slow    FDRE/C              n/a            0.500         5.000       4.500      SLICE_X82Y98     FSM_sequential_seq_state_reg[0]/C
Low Pulse Width   Fast    FDRE/C              n/a            0.500         5.000       4.500      SLICE_X82Y98     FSM_sequential_seq_state_reg[0]/C
Low Pulse Width   Slow    FDRE/C              n/a            0.500         5.000       4.500      SLICE_X82Y98     FSM_sequential_seq_state_reg[1]/C
Low Pulse Width   Fast    FDRE/C              n/a            0.500         5.000       4.500      SLICE_X82Y98     FSM_sequential_seq_state_reg[1]/C
Low Pulse Width   Slow    FDRE/C              n/a            0.500         5.000       4.500      SLICE_X82Y97     btnc_d1_reg/C
Low Pulse Width   Fast    FDRE/C              n/a            0.500         5.000       4.500      SLICE_X82Y97     btnc_d1_reg/C
Low Pulse Width   Slow    FDRE/C              n/a            0.500         5.000       4.500      SLICE_X82Y97     btnc_d2_reg/C
Low Pulse Width   Fast    FDRE/C              n/a            0.500         5.000       4.500      SLICE_X82Y97     btnc_d2_reg/C
Low Pulse Width   Slow    FDRE/C              n/a            0.500         5.000       4.500      SLICE_X82Y97     btnc_pulse_reg/C
Low Pulse Width   Fast    FDRE/C              n/a            0.500         5.000       4.500      SLICE_X82Y97     btnc_pulse_reg/C
High Pulse Width  Slow    FDRE/C              n/a            0.500         5.000       4.500      SLICE_X82Y98     FSM_sequential_seq_state_reg[0]/C
High Pulse Width  Fast    FDRE/C              n/a            0.500         5.000       4.500      SLICE_X82Y98     FSM_sequential_seq_state_reg[0]/C
High Pulse Width  Slow    FDRE/C              n/a            0.500         5.000       4.500      SLICE_X82Y98     FSM_sequential_seq_state_reg[1]/C
High Pulse Width  Fast    FDRE/C              n/a            0.500         5.000       4.500      SLICE_X82Y98     FSM_sequential_seq_state_reg[1]/C
High Pulse Width  Slow    FDRE/C              n/a            0.500         5.000       4.500      SLICE_X82Y97     btnc_d1_reg/C
High Pulse Width  Fast    FDRE/C              n/a            0.500         5.000       4.500      SLICE_X82Y97     btnc_d1_reg/C
High Pulse Width  Slow    FDRE/C              n/a            0.500         5.000       4.500      SLICE_X82Y97     btnc_d2_reg/C
High Pulse Width  Fast    FDRE/C              n/a            0.500         5.000       4.500      SLICE_X82Y97     btnc_d2_reg/C
High Pulse Width  Slow    FDRE/C              n/a            0.500         5.000       4.500      SLICE_X82Y97     btnc_pulse_reg/C
High Pulse Width  Fast    FDRE/C              n/a            0.500         5.000       4.500      SLICE_X82Y97     btnc_pulse_reg/C



---------------------------------------------------------------------------------------------------
From Clock:  clkcore_unbuf
  To Clock:  clkcore_unbuf

Setup :            0  Failing Endpoints,  Worst Slack       35.726ns,  Total Violation        0.000ns
Hold  :            0  Failing Endpoints,  Worst Slack        0.143ns,  Total Violation        0.000ns
PW    :            0  Failing Endpoints,  Worst Slack       19.500ns,  Total Violation        0.000ns
---------------------------------------------------------------------------------------------------


Max Delay Paths
--------------------------------------------------------------------------------------
Slack (MET) :             35.726ns  (required time - arrival time)
  Source:                 u_victim/FSM_onehot_hs_state_reg[0]/C
                            (rising edge-triggered cell FDSE clocked by clkcore_unbuf  {rise@0.000ns fall@20.000ns period=40.000ns})
  Destination:            u_victim/FSM_onehot_hs_state_reg[0]/D
                            (rising edge-triggered cell FDSE clocked by clkcore_unbuf  {rise@0.000ns fall@20.000ns period=40.000ns})
  Path Group:             clkcore_unbuf
  Path Type:              Setup (Max at Slow Process Corner)
  Requirement:            40.000ns  (clkcore_unbuf rise@40.000ns - clkcore_unbuf rise@0.000ns)
  Data Path Delay:        4.212ns  (logic 1.180ns (28.014%)  route 3.032ns (71.986%))
  Logic Levels:           4  (LUT2=1 LUT4=1 LUT6=2)
  Clock Path Skew:        0.000ns (DCD - SCD + CPR)
    Destination Clock Delay (DCD):    -1.528ns = ( 38.472 - 40.000 ) 
    Source Clock Delay      (SCD):    -0.926ns
    Clock Pessimism Removal (CPR):    0.602ns
  Clock Uncertainty:      0.091ns  ((TSJ^2 + DJ^2)^1/2) / 2 + PE
    Total System Jitter     (TSJ):    0.071ns
    Discrete Jitter          (DJ):    0.168ns
    Phase Error              (PE):    0.000ns

    Location             Delay type                Incr(ns)  Path(ns)    Netlist Resource(s)
  -------------------------------------------------------------------    -------------------
                         (clock clkcore_unbuf rise edge)
                                                      0.000     0.000 r  
    E3                                                0.000     0.000 r  CLK100MHZ (IN)
                         net (fo=0)                   0.000     0.000    CLK100MHZ
    E3                   IBUF (Prop_ibuf_I_O)         1.482     1.482 r  CLK100MHZ_IBUF_inst/O
                         net (fo=2, routed)           1.233     2.715    u_clk_gen/clk100mhz_in
    MMCME2_ADV_X1Y2      MMCME2_ADV (Prop_mmcme2_adv_CLKIN1_CLKOUT0)
                                                     -7.070    -4.355 r  u_clk_gen/mmcm_inst/CLKOUT0
                         net (fo=1, routed)           1.719    -2.636    u_clk_gen/clkcore_unbuf
    BUFGCTRL_X0Y17       BUFG (Prop_bufg_I_O)         0.096    -2.540 r  u_clk_gen/bufg_core/O
                         net (fo=82, routed)          1.614    -0.926    u_victim/CLK
    SLICE_X51Y109        FDSE                                         r  u_victim/FSM_onehot_hs_state_reg[0]/C
  -------------------------------------------------------------------    -------------------
    SLICE_X51Y109        FDSE (Prop_fdse_C_Q)         0.456    -0.470 r  u_victim/FSM_onehot_hs_state_reg[0]/Q
                         net (fo=5, routed)           1.229     0.759    u_victim/FSM_onehot_hs_state_reg_n_0_[0]
    SLICE_X51Y109        LUT2 (Prop_lut2_I1_O)        0.150     0.909 r  u_victim/FSM_onehot_hs_state[2]_i_6/O
                         net (fo=1, routed)           0.813     1.722    u_victim/FSM_onehot_hs_state[2]_i_6_n_0
    SLICE_X52Y109        LUT6 (Prop_lut6_I1_O)        0.326     2.048 r  u_victim/FSM_onehot_hs_state[2]_i_4/O
                         net (fo=1, routed)           0.159     2.207    u_victim/FSM_onehot_hs_state[2]_i_4_n_0
    SLICE_X52Y109        LUT6 (Prop_lut6_I3_O)        0.124     2.331 r  u_victim/FSM_onehot_hs_state[2]_i_3/O
                         net (fo=4, routed)           0.831     3.162    u_victim/req_reg
    SLICE_X51Y109        LUT4 (Prop_lut4_I2_O)        0.124     3.286 r  u_victim/FSM_onehot_hs_state[0]_i_1/O
                         net (fo=1, routed)           0.000     3.286    u_victim/FSM_onehot_hs_state[0]_i_1_n_0
    SLICE_X51Y109        FDSE                                         r  u_victim/FSM_onehot_hs_state_reg[0]/D
  -------------------------------------------------------------------    -------------------

                         (clock clkcore_unbuf rise edge)
                                                     40.000    40.000 r  
    E3                                                0.000    40.000 r  CLK100MHZ (IN)
                         net (fo=0)                   0.000    40.000    CLK100MHZ
    E3                   IBUF (Prop_ibuf_I_O)         1.411    41.411 r  CLK100MHZ_IBUF_inst/O
                         net (fo=2, routed)           1.162    42.573    u_clk_gen/clk100mhz_in
    MMCME2_ADV_X1Y2      MMCME2_ADV (Prop_mmcme2_adv_CLKIN1_CLKOUT0)
                                                     -7.324    35.249 r  u_clk_gen/mmcm_inst/CLKOUT0
                         net (fo=1, routed)           1.639    36.888    u_clk_gen/clkcore_unbuf
    BUFGCTRL_X0Y17       BUFG (Prop_bufg_I_O)         0.091    36.979 r  u_clk_gen/bufg_core/O
                         net (fo=82, routed)          1.493    38.472    u_victim/CLK
    SLICE_X51Y109        FDSE                                         r  u_victim/FSM_onehot_hs_state_reg[0]/C
                         clock pessimism              0.602    39.074    
                         clock uncertainty           -0.091    38.983    
    SLICE_X51Y109        FDSE (Setup_fdse_C_D)        0.029    39.012    u_victim/FSM_onehot_hs_state_reg[0]
  -------------------------------------------------------------------
                         required time                         39.012    
                         arrival time                          -3.286    
  -------------------------------------------------------------------
                         slack                                 35.726    

Slack (MET) :             35.729ns  (required time - arrival time)
  Source:                 u_victim/FSM_onehot_hs_state_reg[0]/C
                            (rising edge-triggered cell FDSE clocked by clkcore_unbuf  {rise@0.000ns fall@20.000ns period=40.000ns})
  Destination:            u_victim/req_reg_reg/D
                            (rising edge-triggered cell FDRE clocked by clkcore_unbuf  {rise@0.000ns fall@20.000ns period=40.000ns})
  Path Group:             clkcore_unbuf
  Path Type:              Setup (Max at Slow Process Corner)
  Requirement:            40.000ns  (clkcore_unbuf rise@40.000ns - clkcore_unbuf rise@0.000ns)
  Data Path Delay:        4.211ns  (logic 1.180ns (28.021%)  route 3.031ns (71.979%))
  Logic Levels:           4  (LUT2=1 LUT3=1 LUT6=2)
  Clock Path Skew:        0.000ns (DCD - SCD + CPR)
    Destination Clock Delay (DCD):    -1.528ns = ( 38.472 - 40.000 ) 
    Source Clock Delay      (SCD):    -0.926ns
    Clock Pessimism Removal (CPR):    0.602ns
  Clock Uncertainty:      0.091ns  ((TSJ^2 + DJ^2)^1/2) / 2 + PE
    Total System Jitter     (TSJ):    0.071ns
    Discrete Jitter          (DJ):    0.168ns
    Phase Error              (PE):    0.000ns

    Location             Delay type                Incr(ns)  Path(ns)    Netlist Resource(s)
  -------------------------------------------------------------------    -------------------
                         (clock clkcore_unbuf rise edge)
                                                      0.000     0.000 r  
    E3                                                0.000     0.000 r  CLK100MHZ (IN)
                         net (fo=0)                   0.000     0.000    CLK100MHZ
    E3                   IBUF (Prop_ibuf_I_O)         1.482     1.482 r  CLK100MHZ_IBUF_inst/O
                         net (fo=2, routed)           1.233     2.715    u_clk_gen/clk100mhz_in
    MMCME2_ADV_X1Y2      MMCME2_ADV (Prop_mmcme2_adv_CLKIN1_CLKOUT0)
                                                     -7.070    -4.355 r  u_clk_gen/mmcm_inst/CLKOUT0
                         net (fo=1, routed)           1.719    -2.636    u_clk_gen/clkcore_unbuf
    BUFGCTRL_X0Y17       BUFG (Prop_bufg_I_O)         0.096    -2.540 r  u_clk_gen/bufg_core/O
                         net (fo=82, routed)          1.614    -0.926    u_victim/CLK
    SLICE_X51Y109        FDSE                                         r  u_victim/FSM_onehot_hs_state_reg[0]/C
  -------------------------------------------------------------------    -------------------
    SLICE_X51Y109        FDSE (Prop_fdse_C_Q)         0.456    -0.470 r  u_victim/FSM_onehot_hs_state_reg[0]/Q
                         net (fo=5, routed)           1.229     0.759    u_victim/FSM_onehot_hs_state_reg_n_0_[0]
    SLICE_X51Y109        LUT2 (Prop_lut2_I1_O)        0.150     0.909 r  u_victim/FSM_onehot_hs_state[2]_i_6/O
                         net (fo=1, routed)           0.813     1.722    u_victim/FSM_onehot_hs_state[2]_i_6_n_0
    SLICE_X52Y109        LUT6 (Prop_lut6_I1_O)        0.326     2.048 r  u_victim/FSM_onehot_hs_state[2]_i_4/O
                         net (fo=1, routed)           0.159     2.207    u_victim/FSM_onehot_hs_state[2]_i_4_n_0
    SLICE_X52Y109        LUT6 (Prop_lut6_I3_O)        0.124     2.331 r  u_victim/FSM_onehot_hs_state[2]_i_3/O
                         net (fo=4, routed)           0.830     3.161    u_victim/req_reg
    SLICE_X51Y109        LUT3 (Prop_lut3_I1_O)        0.124     3.285 r  u_victim/req_reg_i_1/O
                         net (fo=1, routed)           0.000     3.285    u_victim/req_reg_i_1_n_0
    SLICE_X51Y109        FDRE                                         r  u_victim/req_reg_reg/D
  -------------------------------------------------------------------    -------------------

                         (clock clkcore_unbuf rise edge)
                                                     40.000    40.000 r  
    E3                                                0.000    40.000 r  CLK100MHZ (IN)
                         net (fo=0)                   0.000    40.000    CLK100MHZ
    E3                   IBUF (Prop_ibuf_I_O)         1.411    41.411 r  CLK100MHZ_IBUF_inst/O
                         net (fo=2, routed)           1.162    42.573    u_clk_gen/clk100mhz_in
    MMCME2_ADV_X1Y2      MMCME2_ADV (Prop_mmcme2_adv_CLKIN1_CLKOUT0)
                                                     -7.324    35.249 r  u_clk_gen/mmcm_inst/CLKOUT0
                         net (fo=1, routed)           1.639    36.888    u_clk_gen/clkcore_unbuf
    BUFGCTRL_X0Y17       BUFG (Prop_bufg_I_O)         0.091    36.979 r  u_clk_gen/bufg_core/O
                         net (fo=82, routed)          1.493    38.472    u_victim/CLK
    SLICE_X51Y109        FDRE                                         r  u_victim/req_reg_reg/C
                         clock pessimism              0.602    39.074    
                         clock uncertainty           -0.091    38.983    
    SLICE_X51Y109        FDRE (Setup_fdre_C_D)        0.031    39.014    u_victim/req_reg_reg
  -------------------------------------------------------------------
                         required time                         39.014    
                         arrival time                          -3.285    
  -------------------------------------------------------------------
                         slack                                 35.729    

Slack (MET) :             35.981ns  (required time - arrival time)
  Source:                 u_victim/FSM_onehot_hs_state_reg[0]/C
                            (rising edge-triggered cell FDSE clocked by clkcore_unbuf  {rise@0.000ns fall@20.000ns period=40.000ns})
  Destination:            u_victim/FSM_onehot_hs_state_reg[1]/D
                            (rising edge-triggered cell FDRE clocked by clkcore_unbuf  {rise@0.000ns fall@20.000ns period=40.000ns})
  Path Group:             clkcore_unbuf
  Path Type:              Setup (Max at Slow Process Corner)
  Requirement:            40.000ns  (clkcore_unbuf rise@40.000ns - clkcore_unbuf rise@0.000ns)
  Data Path Delay:        3.837ns  (logic 1.180ns (30.755%)  route 2.657ns (69.245%))
  Logic Levels:           4  (LUT2=1 LUT5=1 LUT6=2)
  Clock Path Skew:        -0.120ns (DCD - SCD + CPR)
    Destination Clock Delay (DCD):    -1.535ns = ( 38.465 - 40.000 ) 
    Source Clock Delay      (SCD):    -0.926ns
    Clock Pessimism Removal (CPR):    0.488ns
  Clock Uncertainty:      0.091ns  ((TSJ^2 + DJ^2)^1/2) / 2 + PE
    Total System Jitter     (TSJ):    0.071ns
    Discrete Jitter          (DJ):    0.168ns
    Phase Error              (PE):    0.000ns

    Location             Delay type                Incr(ns)  Path(ns)    Netlist Resource(s)
  -------------------------------------------------------------------    -------------------
                         (clock clkcore_unbuf rise edge)
                                                      0.000     0.000 r  
    E3                                                0.000     0.000 r  CLK100MHZ (IN)
                         net (fo=0)                   0.000     0.000    CLK100MHZ
    E3                   IBUF (Prop_ibuf_I_O)         1.482     1.482 r  CLK100MHZ_IBUF_inst/O
                         net (fo=2, routed)           1.233     2.715    u_clk_gen/clk100mhz_in
    MMCME2_ADV_X1Y2      MMCME2_ADV (Prop_mmcme2_adv_CLKIN1_CLKOUT0)
                                                     -7.070    -4.355 r  u_clk_gen/mmcm_inst/CLKOUT0
                         net (fo=1, routed)           1.719    -2.636    u_clk_gen/clkcore_unbuf
    BUFGCTRL_X0Y17       BUFG (Prop_bufg_I_O)         0.096    -2.540 r  u_clk_gen/bufg_core/O
                         net (fo=82, routed)          1.614    -0.926    u_victim/CLK
    SLICE_X51Y109        FDSE                                         r  u_victim/FSM_onehot_hs_state_reg[0]/C
  -------------------------------------------------------------------    -------------------
    SLICE_X51Y109        FDSE (Prop_fdse_C_Q)         0.456    -0.470 r  u_victim/FSM_onehot_hs_state_reg[0]/Q
                         net (fo=5, routed)           1.229     0.759    u_victim/FSM_onehot_hs_state_reg_n_0_[0]
    SLICE_X51Y109        LUT2 (Prop_lut2_I1_O)        0.150     0.909 r  u_victim/FSM_onehot_hs_state[2]_i_6/O
                         net (fo=1, routed)           0.813     1.722    u_victim/FSM_onehot_hs_state[2]_i_6_n_0
    SLICE_X52Y109        LUT6 (Prop_lut6_I1_O)        0.326     2.048 r  u_victim/FSM_onehot_hs_state[2]_i_4/O
                         net (fo=1, routed)           0.159     2.207    u_victim/FSM_onehot_hs_state[2]_i_4_n_0
    SLICE_X52Y109        LUT6 (Prop_lut6_I3_O)        0.124     2.331 r  u_victim/FSM_onehot_hs_state[2]_i_3/O
                         net (fo=4, routed)           0.456     2.787    u_victim/req_reg
    SLICE_X52Y109        LUT5 (Prop_lut5_I2_O)        0.124     2.911 r  u_victim/FSM_onehot_hs_state[1]_i_1/O
                         net (fo=1, routed)           0.000     2.911    u_victim/FSM_onehot_hs_state[1]_i_1_n_0
    SLICE_X52Y109        FDRE                                         r  u_victim/FSM_onehot_hs_state_reg[1]/D
  -------------------------------------------------------------------    -------------------

                         (clock clkcore_unbuf rise edge)
                                                     40.000    40.000 r  
    E3                                                0.000    40.000 r  CLK100MHZ (IN)
                         net (fo=0)                   0.000    40.000    CLK100MHZ
    E3                   IBUF (Prop_ibuf_I_O)         1.411    41.411 r  CLK100MHZ_IBUF_inst/O
                         net (fo=2, routed)           1.162    42.573    u_clk_gen/clk100mhz_in
    MMCME2_ADV_X1Y2      MMCME2_ADV (Prop_mmcme2_adv_CLKIN1_CLKOUT0)
                                                     -7.324    35.249 r  u_clk_gen/mmcm_inst/CLKOUT0
                         net (fo=1, routed)           1.639    36.888    u_clk_gen/clkcore_unbuf
    BUFGCTRL_X0Y17       BUFG (Prop_bufg_I_O)         0.091    36.979 r  u_clk_gen/bufg_core/O
                         net (fo=82, routed)          1.486    38.465    u_victim/CLK
    SLICE_X52Y109        FDRE                                         r  u_victim/FSM_onehot_hs_state_reg[1]/C
                         clock pessimism              0.488    38.954    
                         clock uncertainty           -0.091    38.863    
    SLICE_X52Y109        FDRE (Setup_fdre_C_D)        0.029    38.892    u_victim/FSM_onehot_hs_state_reg[1]
  -------------------------------------------------------------------
                         required time                         38.892    
                         arrival time                          -2.911    
  -------------------------------------------------------------------
                         slack                                 35.981    

Slack (MET) :             36.001ns  (required time - arrival time)
  Source:                 u_victim/FSM_onehot_hs_state_reg[0]/C
                            (rising edge-triggered cell FDSE clocked by clkcore_unbuf  {rise@0.000ns fall@20.000ns period=40.000ns})
  Destination:            u_victim/FSM_onehot_hs_state_reg[2]/D
                            (rising edge-triggered cell FDRE clocked by clkcore_unbuf  {rise@0.000ns fall@20.000ns period=40.000ns})
  Path Group:             clkcore_unbuf
  Path Type:              Setup (Max at Slow Process Corner)
  Requirement:            40.000ns  (clkcore_unbuf rise@40.000ns - clkcore_unbuf rise@0.000ns)
  Data Path Delay:        3.863ns  (logic 1.206ns (31.221%)  route 2.657ns (68.779%))
  Logic Levels:           4  (LUT2=1 LUT4=1 LUT6=2)
  Clock Path Skew:        -0.120ns (DCD - SCD + CPR)
    Destination Clock Delay (DCD):    -1.535ns = ( 38.465 - 40.000 ) 
    Source Clock Delay      (SCD):    -0.926ns
    Clock Pessimism Removal (CPR):    0.488ns
  Clock Uncertainty:      0.091ns  ((TSJ^2 + DJ^2)^1/2) / 2 + PE
    Total System Jitter     (TSJ):    0.071ns
    Discrete Jitter          (DJ):    0.168ns
    Phase Error              (PE):    0.000ns

    Location             Delay type                Incr(ns)  Path(ns)    Netlist Resource(s)
  -------------------------------------------------------------------    -------------------
                         (clock clkcore_unbuf rise edge)
                                                      0.000     0.000 r  
    E3                                                0.000     0.000 r  CLK100MHZ (IN)
                         net (fo=0)                   0.000     0.000    CLK100MHZ
    E3                   IBUF (Prop_ibuf_I_O)         1.482     1.482 r  CLK100MHZ_IBUF_inst/O
                         net (fo=2, routed)           1.233     2.715    u_clk_gen/clk100mhz_in
    MMCME2_ADV_X1Y2      MMCME2_ADV (Prop_mmcme2_adv_CLKIN1_CLKOUT0)
                                                     -7.070    -4.355 r  u_clk_gen/mmcm_inst/CLKOUT0
                         net (fo=1, routed)           1.719    -2.636    u_clk_gen/clkcore_unbuf
    BUFGCTRL_X0Y17       BUFG (Prop_bufg_I_O)         0.096    -2.540 r  u_clk_gen/bufg_core/O
                         net (fo=82, routed)          1.614    -0.926    u_victim/CLK
    SLICE_X51Y109        FDSE                                         r  u_victim/FSM_onehot_hs_state_reg[0]/C
  -------------------------------------------------------------------    -------------------
    SLICE_X51Y109        FDSE (Prop_fdse_C_Q)         0.456    -0.470 r  u_victim/FSM_onehot_hs_state_reg[0]/Q
                         net (fo=5, routed)           1.229     0.759    u_victim/FSM_onehot_hs_state_reg_n_0_[0]
    SLICE_X51Y109        LUT2 (Prop_lut2_I1_O)        0.150     0.909 r  u_victim/FSM_onehot_hs_state[2]_i_6/O
                         net (fo=1, routed)           0.813     1.722    u_victim/FSM_onehot_hs_state[2]_i_6_n_0
    SLICE_X52Y109        LUT6 (Prop_lut6_I1_O)        0.326     2.048 r  u_victim/FSM_onehot_hs_state[2]_i_4/O
                         net (fo=1, routed)           0.159     2.207    u_victim/FSM_onehot_hs_state[2]_i_4_n_0
    SLICE_X52Y109        LUT6 (Prop_lut6_I3_O)        0.124     2.331 r  u_victim/FSM_onehot_hs_state[2]_i_3/O
                         net (fo=4, routed)           0.456     2.787    u_victim/req_reg
    SLICE_X52Y109        LUT4 (Prop_lut4_I2_O)        0.150     2.937 r  u_victim/FSM_onehot_hs_state[2]_i_2/O
                         net (fo=1, routed)           0.000     2.937    u_victim/FSM_onehot_hs_state[2]_i_2_n_0
    SLICE_X52Y109        FDRE                                         r  u_victim/FSM_onehot_hs_state_reg[2]/D
  -------------------------------------------------------------------    -------------------

                         (clock clkcore_unbuf rise edge)
                                                     40.000    40.000 r  
    E3                                                0.000    40.000 r  CLK100MHZ (IN)
                         net (fo=0)                   0.000    40.000    CLK100MHZ
    E3                   IBUF (Prop_ibuf_I_O)         1.411    41.411 r  CLK100MHZ_IBUF_inst/O
                         net (fo=2, routed)           1.162    42.573    u_clk_gen/clk100mhz_in
    MMCME2_ADV_X1Y2      MMCME2_ADV (Prop_mmcme2_adv_CLKIN1_CLKOUT0)
                                                     -7.324    35.249 r  u_clk_gen/mmcm_inst/CLKOUT0
                         net (fo=1, routed)           1.639    36.888    u_clk_gen/clkcore_unbuf
    BUFGCTRL_X0Y17       BUFG (Prop_bufg_I_O)         0.091    36.979 r  u_clk_gen/bufg_core/O
                         net (fo=82, routed)          1.486    38.465    u_victim/CLK
    SLICE_X52Y109        FDRE                                         r  u_victim/FSM_onehot_hs_state_reg[2]/C
                         clock pessimism              0.488    38.954    
                         clock uncertainty           -0.091    38.863    
    SLICE_X52Y109        FDRE (Setup_fdre_C_D)        0.075    38.938    u_victim/FSM_onehot_hs_state_reg[2]
  -------------------------------------------------------------------
                         required time                         38.938    
                         arrival time                          -2.937    
  -------------------------------------------------------------------
                         slack                                 36.001    

Slack (MET) :             36.252ns  (required time - arrival time)
  Source:                 u_victim/epoch_count_reg[2]/C
                            (rising edge-triggered cell FDRE clocked by clkcore_unbuf  {rise@0.000ns fall@20.000ns period=40.000ns})
  Destination:            u_victim/digest_reg_reg[0]/CE
                            (rising edge-triggered cell FDRE clocked by clkcore_unbuf  {rise@0.000ns fall@20.000ns period=40.000ns})
  Path Group:             clkcore_unbuf
  Path Type:              Setup (Max at Slow Process Corner)
  Requirement:            40.000ns  (clkcore_unbuf rise@40.000ns - clkcore_unbuf rise@0.000ns)
  Data Path Delay:        3.351ns  (logic 0.842ns (25.129%)  route 2.509ns (74.871%))
  Logic Levels:           2  (LUT6=2)
  Clock Path Skew:        -0.101ns (DCD - SCD + CPR)
    Destination Clock Delay (DCD):    -1.523ns = ( 38.477 - 40.000 ) 
    Source Clock Delay      (SCD):    -0.933ns
    Clock Pessimism Removal (CPR):    0.488ns
  Clock Uncertainty:      0.091ns  ((TSJ^2 + DJ^2)^1/2) / 2 + PE
    Total System Jitter     (TSJ):    0.071ns
    Discrete Jitter          (DJ):    0.168ns
    Phase Error              (PE):    0.000ns

    Location             Delay type                Incr(ns)  Path(ns)    Netlist Resource(s)
  -------------------------------------------------------------------    -------------------
                         (clock clkcore_unbuf rise edge)
                                                      0.000     0.000 r  
    E3                                                0.000     0.000 r  CLK100MHZ (IN)
                         net (fo=0)                   0.000     0.000    CLK100MHZ
    E3                   IBUF (Prop_ibuf_I_O)         1.482     1.482 r  CLK100MHZ_IBUF_inst/O
                         net (fo=2, routed)           1.233     2.715    u_clk_gen/clk100mhz_in
    MMCME2_ADV_X1Y2      MMCME2_ADV (Prop_mmcme2_adv_CLKIN1_CLKOUT0)
                                                     -7.070    -4.355 r  u_clk_gen/mmcm_inst/CLKOUT0
                         net (fo=1, routed)           1.719    -2.636    u_clk_gen/clkcore_unbuf
    BUFGCTRL_X0Y17       BUFG (Prop_bufg_I_O)         0.096    -2.540 r  u_clk_gen/bufg_core/O
                         net (fo=82, routed)          1.607    -0.933    u_victim/CLK
    SLICE_X53Y109        FDRE                                         r  u_victim/epoch_count_reg[2]/C
  -------------------------------------------------------------------    -------------------
    SLICE_X53Y109        FDRE (Prop_fdre_C_Q)         0.419    -0.514 r  u_victim/epoch_count_reg[2]/Q
                         net (fo=6, routed)           0.690     0.176    u_victim/epoch_count_reg[2]
    SLICE_X52Y109        LUT6 (Prop_lut6_I1_O)        0.299     0.475 r  u_victim/digest_reg[31]_i_2/O
                         net (fo=5, routed)           0.534     1.009    u_victim/digest_reg[31]_i_2_n_0
    SLICE_X52Y108        LUT6 (Prop_lut6_I0_O)        0.124     1.133 r  u_victim/digest_reg[31]_i_1/O
                         net (fo=32, routed)          1.284     2.418    u_victim/digest_reg[0]
    SLICE_X44Y107        FDRE                                         r  u_victim/digest_reg_reg[0]/CE
  -------------------------------------------------------------------    -------------------

                         (clock clkcore_unbuf rise edge)
                                                     40.000    40.000 r  
    E3                                                0.000    40.000 r  CLK100MHZ (IN)
                         net (fo=0)                   0.000    40.000    CLK100MHZ
    E3                   IBUF (Prop_ibuf_I_O)         1.411    41.411 r  CLK100MHZ_IBUF_inst/O
                         net (fo=2, routed)           1.162    42.573    u_clk_gen/clk100mhz_in
    MMCME2_ADV_X1Y2      MMCME2_ADV (Prop_mmcme2_adv_CLKIN1_CLKOUT0)
                                                     -7.324    35.249 r  u_clk_gen/mmcm_inst/CLKOUT0
                         net (fo=1, routed)           1.639    36.888    u_clk_gen/clkcore_unbuf
    BUFGCTRL_X0Y17       BUFG (Prop_bufg_I_O)         0.091    36.979 r  u_clk_gen/bufg_core/O
                         net (fo=82, routed)          1.498    38.477    u_victim/CLK
    SLICE_X44Y107        FDRE                                         r  u_victim/digest_reg_reg[0]/C
                         clock pessimism              0.488    38.966    
                         clock uncertainty           -0.091    38.875    
    SLICE_X44Y107        FDRE (Setup_fdre_C_CE)      -0.205    38.670    u_victim/digest_reg_reg[0]
  -------------------------------------------------------------------
                         required time                         38.670    
                         arrival time                          -2.418    
  -------------------------------------------------------------------
                         slack                                 36.252    

Slack (MET) :             36.456ns  (required time - arrival time)
  Source:                 u_victim/epoch_count_reg[2]/C
                            (rising edge-triggered cell FDRE clocked by clkcore_unbuf  {rise@0.000ns fall@20.000ns period=40.000ns})
  Destination:            u_victim/digest_reg_reg[26]/CE
                            (rising edge-triggered cell FDRE clocked by clkcore_unbuf  {rise@0.000ns fall@20.000ns period=40.000ns})
  Path Group:             clkcore_unbuf
  Path Type:              Setup (Max at Slow Process Corner)
  Requirement:            40.000ns  (clkcore_unbuf rise@40.000ns - clkcore_unbuf rise@0.000ns)
  Data Path Delay:        3.146ns  (logic 0.842ns (26.764%)  route 2.304ns (73.236%))
  Logic Levels:           2  (LUT6=2)
  Clock Path Skew:        -0.102ns (DCD - SCD + CPR)
    Destination Clock Delay (DCD):    -1.524ns = ( 38.476 - 40.000 ) 
    Source Clock Delay      (SCD):    -0.933ns
    Clock Pessimism Removal (CPR):    0.488ns
  Clock Uncertainty:      0.091ns  ((TSJ^2 + DJ^2)^1/2) / 2 + PE
    Total System Jitter     (TSJ):    0.071ns
    Discrete Jitter          (DJ):    0.168ns
    Phase Error              (PE):    0.000ns

    Location             Delay type                Incr(ns)  Path(ns)    Netlist Resource(s)
  -------------------------------------------------------------------    -------------------
                         (clock clkcore_unbuf rise edge)
                                                      0.000     0.000 r  
    E3                                                0.000     0.000 r  CLK100MHZ (IN)
                         net (fo=0)                   0.000     0.000    CLK100MHZ
    E3                   IBUF (Prop_ibuf_I_O)         1.482     1.482 r  CLK100MHZ_IBUF_inst/O
                         net (fo=2, routed)           1.233     2.715    u_clk_gen/clk100mhz_in
    MMCME2_ADV_X1Y2      MMCME2_ADV (Prop_mmcme2_adv_CLKIN1_CLKOUT0)
                                                     -7.070    -4.355 r  u_clk_gen/mmcm_inst/CLKOUT0
                         net (fo=1, routed)           1.719    -2.636    u_clk_gen/clkcore_unbuf
    BUFGCTRL_X0Y17       BUFG (Prop_bufg_I_O)         0.096    -2.540 r  u_clk_gen/bufg_core/O
                         net (fo=82, routed)          1.607    -0.933    u_victim/CLK
    SLICE_X53Y109        FDRE                                         r  u_victim/epoch_count_reg[2]/C
  -------------------------------------------------------------------    -------------------
    SLICE_X53Y109        FDRE (Prop_fdre_C_Q)         0.419    -0.514 r  u_victim/epoch_count_reg[2]/Q
                         net (fo=6, routed)           0.690     0.176    u_victim/epoch_count_reg[2]
    SLICE_X52Y109        LUT6 (Prop_lut6_I1_O)        0.299     0.475 r  u_victim/digest_reg[31]_i_2/O
                         net (fo=5, routed)           0.534     1.009    u_victim/digest_reg[31]_i_2_n_0
    SLICE_X52Y108        LUT6 (Prop_lut6_I0_O)        0.124     1.133 r  u_victim/digest_reg[31]_i_1/O
                         net (fo=32, routed)          1.080     2.213    u_victim/digest_reg[0]
    SLICE_X44Y109        FDRE                                         r  u_victim/digest_reg_reg[26]/CE
  -------------------------------------------------------------------    -------------------

                         (clock clkcore_unbuf rise edge)
                                                     40.000    40.000 r  
    E3                                                0.000    40.000 r  CLK100MHZ (IN)
                         net (fo=0)                   0.000    40.000    CLK100MHZ
    E3                   IBUF (Prop_ibuf_I_O)         1.411    41.411 r  CLK100MHZ_IBUF_inst/O
                         net (fo=2, routed)           1.162    42.573    u_clk_gen/clk100mhz_in
    MMCME2_ADV_X1Y2      MMCME2_ADV (Prop_mmcme2_adv_CLKIN1_CLKOUT0)
                                                     -7.324    35.249 r  u_clk_gen/mmcm_inst/CLKOUT0
                         net (fo=1, routed)           1.639    36.888    u_clk_gen/clkcore_unbuf
    BUFGCTRL_X0Y17       BUFG (Prop_bufg_I_O)         0.091    36.979 r  u_clk_gen/bufg_core/O
                         net (fo=82, routed)          1.497    38.476    u_victim/CLK
    SLICE_X44Y109        FDRE                                         r  u_victim/digest_reg_reg[26]/C
                         clock pessimism              0.488    38.965    
                         clock uncertainty           -0.091    38.874    
    SLICE_X44Y109        FDRE (Setup_fdre_C_CE)      -0.205    38.669    u_victim/digest_reg_reg[26]
  -------------------------------------------------------------------
                         required time                         38.669    
                         arrival time                          -2.213    
  -------------------------------------------------------------------
                         slack                                 36.456    

Slack (MET) :             36.456ns  (required time - arrival time)
  Source:                 u_victim/epoch_count_reg[2]/C
                            (rising edge-triggered cell FDRE clocked by clkcore_unbuf  {rise@0.000ns fall@20.000ns period=40.000ns})
  Destination:            u_victim/digest_reg_reg[27]/CE
                            (rising edge-triggered cell FDRE clocked by clkcore_unbuf  {rise@0.000ns fall@20.000ns period=40.000ns})
  Path Group:             clkcore_unbuf
  Path Type:              Setup (Max at Slow Process Corner)
  Requirement:            40.000ns  (clkcore_unbuf rise@40.000ns - clkcore_unbuf rise@0.000ns)
  Data Path Delay:        3.146ns  (logic 0.842ns (26.764%)  route 2.304ns (73.236%))
  Logic Levels:           2  (LUT6=2)
  Clock Path Skew:        -0.102ns (DCD - SCD + CPR)
    Destination Clock Delay (DCD):    -1.524ns = ( 38.476 - 40.000 ) 
    Source Clock Delay      (SCD):    -0.933ns
    Clock Pessimism Removal (CPR):    0.488ns
  Clock Uncertainty:      0.091ns  ((TSJ^2 + DJ^2)^1/2) / 2 + PE
    Total System Jitter     (TSJ):    0.071ns
    Discrete Jitter          (DJ):    0.168ns
    Phase Error              (PE):    0.000ns

    Location             Delay type                Incr(ns)  Path(ns)    Netlist Resource(s)
  -------------------------------------------------------------------    -------------------
                         (clock clkcore_unbuf rise edge)
                                                      0.000     0.000 r  
    E3                                                0.000     0.000 r  CLK100MHZ (IN)
                         net (fo=0)                   0.000     0.000    CLK100MHZ
    E3                   IBUF (Prop_ibuf_I_O)         1.482     1.482 r  CLK100MHZ_IBUF_inst/O
                         net (fo=2, routed)           1.233     2.715    u_clk_gen/clk100mhz_in
    MMCME2_ADV_X1Y2      MMCME2_ADV (Prop_mmcme2_adv_CLKIN1_CLKOUT0)
                                                     -7.070    -4.355 r  u_clk_gen/mmcm_inst/CLKOUT0
                         net (fo=1, routed)           1.719    -2.636    u_clk_gen/clkcore_unbuf
    BUFGCTRL_X0Y17       BUFG (Prop_bufg_I_O)         0.096    -2.540 r  u_clk_gen/bufg_core/O
                         net (fo=82, routed)          1.607    -0.933    u_victim/CLK
    SLICE_X53Y109        FDRE                                         r  u_victim/epoch_count_reg[2]/C
  -------------------------------------------------------------------    -------------------
    SLICE_X53Y109        FDRE (Prop_fdre_C_Q)         0.419    -0.514 r  u_victim/epoch_count_reg[2]/Q
                         net (fo=6, routed)           0.690     0.176    u_victim/epoch_count_reg[2]
    SLICE_X52Y109        LUT6 (Prop_lut6_I1_O)        0.299     0.475 r  u_victim/digest_reg[31]_i_2/O
                         net (fo=5, routed)           0.534     1.009    u_victim/digest_reg[31]_i_2_n_0
    SLICE_X52Y108        LUT6 (Prop_lut6_I0_O)        0.124     1.133 r  u_victim/digest_reg[31]_i_1/O
                         net (fo=32, routed)          1.080     2.213    u_victim/digest_reg[0]
    SLICE_X44Y109        FDRE                                         r  u_victim/digest_reg_reg[27]/CE
  -------------------------------------------------------------------    -------------------

                         (clock clkcore_unbuf rise edge)
                                                     40.000    40.000 r  
    E3                                                0.000    40.000 r  CLK100MHZ (IN)
                         net (fo=0)                   0.000    40.000    CLK100MHZ
    E3                   IBUF (Prop_ibuf_I_O)         1.411    41.411 r  CLK100MHZ_IBUF_inst/O
                         net (fo=2, routed)           1.162    42.573    u_clk_gen/clk100mhz_in
    MMCME2_ADV_X1Y2      MMCME2_ADV (Prop_mmcme2_adv_CLKIN1_CLKOUT0)
                                                     -7.324    35.249 r  u_clk_gen/mmcm_inst/CLKOUT0
                         net (fo=1, routed)           1.639    36.888    u_clk_gen/clkcore_unbuf
    BUFGCTRL_X0Y17       BUFG (Prop_bufg_I_O)         0.091    36.979 r  u_clk_gen/bufg_core/O
                         net (fo=82, routed)          1.497    38.476    u_victim/CLK
    SLICE_X44Y109        FDRE                                         r  u_victim/digest_reg_reg[27]/C
                         clock pessimism              0.488    38.965    
                         clock uncertainty           -0.091    38.874    
    SLICE_X44Y109        FDRE (Setup_fdre_C_CE)      -0.205    38.669    u_victim/digest_reg_reg[27]
  -------------------------------------------------------------------
                         required time                         38.669    
                         arrival time                          -2.213    
  -------------------------------------------------------------------
                         slack                                 36.456    

Slack (MET) :             36.456ns  (required time - arrival time)
  Source:                 u_victim/epoch_count_reg[2]/C
                            (rising edge-triggered cell FDRE clocked by clkcore_unbuf  {rise@0.000ns fall@20.000ns period=40.000ns})
  Destination:            u_victim/digest_reg_reg[28]/CE
                            (rising edge-triggered cell FDRE clocked by clkcore_unbuf  {rise@0.000ns fall@20.000ns period=40.000ns})
  Path Group:             clkcore_unbuf
  Path Type:              Setup (Max at Slow Process Corner)
  Requirement:            40.000ns  (clkcore_unbuf rise@40.000ns - clkcore_unbuf rise@0.000ns)
  Data Path Delay:        3.146ns  (logic 0.842ns (26.764%)  route 2.304ns (73.236%))
  Logic Levels:           2  (LUT6=2)
  Clock Path Skew:        -0.102ns (DCD - SCD + CPR)
    Destination Clock Delay (DCD):    -1.524ns = ( 38.476 - 40.000 ) 
    Source Clock Delay      (SCD):    -0.933ns
    Clock Pessimism Removal (CPR):    0.488ns
  Clock Uncertainty:      0.091ns  ((TSJ^2 + DJ^2)^1/2) / 2 + PE
    Total System Jitter     (TSJ):    0.071ns
    Discrete Jitter          (DJ):    0.168ns
    Phase Error              (PE):    0.000ns

    Location             Delay type                Incr(ns)  Path(ns)    Netlist Resource(s)
  -------------------------------------------------------------------    -------------------
                         (clock clkcore_unbuf rise edge)
                                                      0.000     0.000 r  
    E3                                                0.000     0.000 r  CLK100MHZ (IN)
                         net (fo=0)                   0.000     0.000    CLK100MHZ
    E3                   IBUF (Prop_ibuf_I_O)         1.482     1.482 r  CLK100MHZ_IBUF_inst/O
                         net (fo=2, routed)           1.233     2.715    u_clk_gen/clk100mhz_in
    MMCME2_ADV_X1Y2      MMCME2_ADV (Prop_mmcme2_adv_CLKIN1_CLKOUT0)
                                                     -7.070    -4.355 r  u_clk_gen/mmcm_inst/CLKOUT0
                         net (fo=1, routed)           1.719    -2.636    u_clk_gen/clkcore_unbuf
    BUFGCTRL_X0Y17       BUFG (Prop_bufg_I_O)         0.096    -2.540 r  u_clk_gen/bufg_core/O
                         net (fo=82, routed)          1.607    -0.933    u_victim/CLK
    SLICE_X53Y109        FDRE                                         r  u_victim/epoch_count_reg[2]/C
  -------------------------------------------------------------------    -------------------
    SLICE_X53Y109        FDRE (Prop_fdre_C_Q)         0.419    -0.514 r  u_victim/epoch_count_reg[2]/Q
                         net (fo=6, routed)           0.690     0.176    u_victim/epoch_count_reg[2]
    SLICE_X52Y109        LUT6 (Prop_lut6_I1_O)        0.299     0.475 r  u_victim/digest_reg[31]_i_2/O
                         net (fo=5, routed)           0.534     1.009    u_victim/digest_reg[31]_i_2_n_0
    SLICE_X52Y108        LUT6 (Prop_lut6_I0_O)        0.124     1.133 r  u_victim/digest_reg[31]_i_1/O
                         net (fo=32, routed)          1.080     2.213    u_victim/digest_reg[0]
    SLICE_X44Y109        FDRE                                         r  u_victim/digest_reg_reg[28]/CE
  -------------------------------------------------------------------    -------------------

                         (clock clkcore_unbuf rise edge)
                                                     40.000    40.000 r  
    E3                                                0.000    40.000 r  CLK100MHZ (IN)
                         net (fo=0)                   0.000    40.000    CLK100MHZ
    E3                   IBUF (Prop_ibuf_I_O)         1.411    41.411 r  CLK100MHZ_IBUF_inst/O
                         net (fo=2, routed)           1.162    42.573    u_clk_gen/clk100mhz_in
    MMCME2_ADV_X1Y2      MMCME2_ADV (Prop_mmcme2_adv_CLKIN1_CLKOUT0)
                                                     -7.324    35.249 r  u_clk_gen/mmcm_inst/CLKOUT0
                         net (fo=1, routed)           1.639    36.888    u_clk_gen/clkcore_unbuf
    BUFGCTRL_X0Y17       BUFG (Prop_bufg_I_O)         0.091    36.979 r  u_clk_gen/bufg_core/O
                         net (fo=82, routed)          1.497    38.476    u_victim/CLK
    SLICE_X44Y109        FDRE                                         r  u_victim/digest_reg_reg[28]/C
                         clock pessimism              0.488    38.965    
                         clock uncertainty           -0.091    38.874    
    SLICE_X44Y109        FDRE (Setup_fdre_C_CE)      -0.205    38.669    u_victim/digest_reg_reg[28]
  -------------------------------------------------------------------
                         required time                         38.669    
                         arrival time                          -2.213    
  -------------------------------------------------------------------
                         slack                                 36.456    

Slack (MET) :             36.456ns  (required time - arrival time)
  Source:                 u_victim/epoch_count_reg[2]/C
                            (rising edge-triggered cell FDRE clocked by clkcore_unbuf  {rise@0.000ns fall@20.000ns period=40.000ns})
  Destination:            u_victim/digest_reg_reg[29]/CE
                            (rising edge-triggered cell FDRE clocked by clkcore_unbuf  {rise@0.000ns fall@20.000ns period=40.000ns})
  Path Group:             clkcore_unbuf
  Path Type:              Setup (Max at Slow Process Corner)
  Requirement:            40.000ns  (clkcore_unbuf rise@40.000ns - clkcore_unbuf rise@0.000ns)
  Data Path Delay:        3.146ns  (logic 0.842ns (26.764%)  route 2.304ns (73.236%))
  Logic Levels:           2  (LUT6=2)
  Clock Path Skew:        -0.102ns (DCD - SCD + CPR)
    Destination Clock Delay (DCD):    -1.524ns = ( 38.476 - 40.000 ) 
    Source Clock Delay      (SCD):    -0.933ns
    Clock Pessimism Removal (CPR):    0.488ns
  Clock Uncertainty:      0.091ns  ((TSJ^2 + DJ^2)^1/2) / 2 + PE
    Total System Jitter     (TSJ):    0.071ns
    Discrete Jitter          (DJ):    0.168ns
    Phase Error              (PE):    0.000ns

    Location             Delay type                Incr(ns)  Path(ns)    Netlist Resource(s)
  -------------------------------------------------------------------    -------------------
                         (clock clkcore_unbuf rise edge)
                                                      0.000     0.000 r  
    E3                                                0.000     0.000 r  CLK100MHZ (IN)
                         net (fo=0)                   0.000     0.000    CLK100MHZ
    E3                   IBUF (Prop_ibuf_I_O)         1.482     1.482 r  CLK100MHZ_IBUF_inst/O
                         net (fo=2, routed)           1.233     2.715    u_clk_gen/clk100mhz_in
    MMCME2_ADV_X1Y2      MMCME2_ADV (Prop_mmcme2_adv_CLKIN1_CLKOUT0)
                                                     -7.070    -4.355 r  u_clk_gen/mmcm_inst/CLKOUT0
                         net (fo=1, routed)           1.719    -2.636    u_clk_gen/clkcore_unbuf
    BUFGCTRL_X0Y17       BUFG (Prop_bufg_I_O)         0.096    -2.540 r  u_clk_gen/bufg_core/O
                         net (fo=82, routed)          1.607    -0.933    u_victim/CLK
    SLICE_X53Y109        FDRE                                         r  u_victim/epoch_count_reg[2]/C
  -------------------------------------------------------------------    -------------------
    SLICE_X53Y109        FDRE (Prop_fdre_C_Q)         0.419    -0.514 r  u_victim/epoch_count_reg[2]/Q
                         net (fo=6, routed)           0.690     0.176    u_victim/epoch_count_reg[2]
    SLICE_X52Y109        LUT6 (Prop_lut6_I1_O)        0.299     0.475 r  u_victim/digest_reg[31]_i_2/O
                         net (fo=5, routed)           0.534     1.009    u_victim/digest_reg[31]_i_2_n_0
    SLICE_X52Y108        LUT6 (Prop_lut6_I0_O)        0.124     1.133 r  u_victim/digest_reg[31]_i_1/O
                         net (fo=32, routed)          1.080     2.213    u_victim/digest_reg[0]
    SLICE_X44Y109        FDRE                                         r  u_victim/digest_reg_reg[29]/CE
  -------------------------------------------------------------------    -------------------

                         (clock clkcore_unbuf rise edge)
                                                     40.000    40.000 r  
    E3                                                0.000    40.000 r  CLK100MHZ (IN)
                         net (fo=0)                   0.000    40.000    CLK100MHZ
    E3                   IBUF (Prop_ibuf_I_O)         1.411    41.411 r  CLK100MHZ_IBUF_inst/O
                         net (fo=2, routed)           1.162    42.573    u_clk_gen/clk100mhz_in
    MMCME2_ADV_X1Y2      MMCME2_ADV (Prop_mmcme2_adv_CLKIN1_CLKOUT0)
                                                     -7.324    35.249 r  u_clk_gen/mmcm_inst/CLKOUT0
                         net (fo=1, routed)           1.639    36.888    u_clk_gen/clkcore_unbuf
    BUFGCTRL_X0Y17       BUFG (Prop_bufg_I_O)         0.091    36.979 r  u_clk_gen/bufg_core/O
                         net (fo=82, routed)          1.497    38.476    u_victim/CLK
    SLICE_X44Y109        FDRE                                         r  u_victim/digest_reg_reg[29]/C
                         clock pessimism              0.488    38.965    
                         clock uncertainty           -0.091    38.874    
    SLICE_X44Y109        FDRE (Setup_fdre_C_CE)      -0.205    38.669    u_victim/digest_reg_reg[29]
  -------------------------------------------------------------------
                         required time                         38.669    
                         arrival time                          -2.213    
  -------------------------------------------------------------------
                         slack                                 36.456    

Slack (MET) :             36.682ns  (required time - arrival time)
  Source:                 u_victim/epoch_count_reg[2]/C
                            (rising edge-triggered cell FDRE clocked by clkcore_unbuf  {rise@0.000ns fall@20.000ns period=40.000ns})
  Destination:            u_victim/digest_reg_reg[18]/CE
                            (rising edge-triggered cell FDRE clocked by clkcore_unbuf  {rise@0.000ns fall@20.000ns period=40.000ns})
  Path Group:             clkcore_unbuf
  Path Type:              Setup (Max at Slow Process Corner)
  Requirement:            40.000ns  (clkcore_unbuf rise@40.000ns - clkcore_unbuf rise@0.000ns)
  Data Path Delay:        2.920ns  (logic 0.842ns (28.835%)  route 2.078ns (71.165%))
  Logic Levels:           2  (LUT6=2)
  Clock Path Skew:        -0.102ns (DCD - SCD + CPR)
    Destination Clock Delay (DCD):    -1.524ns = ( 38.476 - 40.000 ) 
    Source Clock Delay      (SCD):    -0.933ns
    Clock Pessimism Removal (CPR):    0.488ns
  Clock Uncertainty:      0.091ns  ((TSJ^2 + DJ^2)^1/2) / 2 + PE
    Total System Jitter     (TSJ):    0.071ns
    Discrete Jitter          (DJ):    0.168ns
    Phase Error              (PE):    0.000ns

    Location             Delay type                Incr(ns)  Path(ns)    Netlist Resource(s)
  -------------------------------------------------------------------    -------------------
                         (clock clkcore_unbuf rise edge)
                                                      0.000     0.000 r  
    E3                                                0.000     0.000 r  CLK100MHZ (IN)
                         net (fo=0)                   0.000     0.000    CLK100MHZ
    E3                   IBUF (Prop_ibuf_I_O)         1.482     1.482 r  CLK100MHZ_IBUF_inst/O
                         net (fo=2, routed)           1.233     2.715    u_clk_gen/clk100mhz_in
    MMCME2_ADV_X1Y2      MMCME2_ADV (Prop_mmcme2_adv_CLKIN1_CLKOUT0)
                                                     -7.070    -4.355 r  u_clk_gen/mmcm_inst/CLKOUT0
                         net (fo=1, routed)           1.719    -2.636    u_clk_gen/clkcore_unbuf
    BUFGCTRL_X0Y17       BUFG (Prop_bufg_I_O)         0.096    -2.540 r  u_clk_gen/bufg_core/O
                         net (fo=82, routed)          1.607    -0.933    u_victim/CLK
    SLICE_X53Y109        FDRE                                         r  u_victim/epoch_count_reg[2]/C
  -------------------------------------------------------------------    -------------------
    SLICE_X53Y109        FDRE (Prop_fdre_C_Q)         0.419    -0.514 r  u_victim/epoch_count_reg[2]/Q
                         net (fo=6, routed)           0.690     0.176    u_victim/epoch_count_reg[2]
    SLICE_X52Y109        LUT6 (Prop_lut6_I1_O)        0.299     0.475 r  u_victim/digest_reg[31]_i_2/O
                         net (fo=5, routed)           0.534     1.009    u_victim/digest_reg[31]_i_2_n_0
    SLICE_X52Y108        LUT6 (Prop_lut6_I0_O)        0.124     1.133 r  u_victim/digest_reg[31]_i_1/O
                         net (fo=32, routed)          0.854     1.987    u_victim/digest_reg[0]
    SLICE_X45Y110        FDRE                                         r  u_victim/digest_reg_reg[18]/CE
  -------------------------------------------------------------------    -------------------

                         (clock clkcore_unbuf rise edge)
                                                     40.000    40.000 r  
    E3                                                0.000    40.000 r  CLK100MHZ (IN)
                         net (fo=0)                   0.000    40.000    CLK100MHZ
    E3                   IBUF (Prop_ibuf_I_O)         1.411    41.411 r  CLK100MHZ_IBUF_inst/O
                         net (fo=2, routed)           1.162    42.573    u_clk_gen/clk100mhz_in
    MMCME2_ADV_X1Y2      MMCME2_ADV (Prop_mmcme2_adv_CLKIN1_CLKOUT0)
                                                     -7.324    35.249 r  u_clk_gen/mmcm_inst/CLKOUT0
                         net (fo=1, routed)           1.639    36.888    u_clk_gen/clkcore_unbuf
    BUFGCTRL_X0Y17       BUFG (Prop_bufg_I_O)         0.091    36.979 r  u_clk_gen/bufg_core/O
                         net (fo=82, routed)          1.497    38.476    u_victim/CLK
    SLICE_X45Y110        FDRE                                         r  u_victim/digest_reg_reg[18]/C
                         clock pessimism              0.488    38.965    
                         clock uncertainty           -0.091    38.874    
    SLICE_X45Y110        FDRE (Setup_fdre_C_CE)      -0.205    38.669    u_victim/digest_reg_reg[18]
  -------------------------------------------------------------------
                         required time                         38.669    
                         arrival time                          -1.987    
  -------------------------------------------------------------------
                         slack                                 36.682    





Min Delay Paths
--------------------------------------------------------------------------------------
Slack (MET) :             0.143ns  (arrival time - required time)
  Source:                 u_victim/lfsr_reg_reg[1]/C
                            (rising edge-triggered cell FDRE clocked by clkcore_unbuf  {rise@0.000ns fall@20.000ns period=40.000ns})
  Destination:            u_victim/lfsr_reg_reg[2]/D
                            (rising edge-triggered cell FDRE clocked by clkcore_unbuf  {rise@0.000ns fall@20.000ns period=40.000ns})
  Path Group:             clkcore_unbuf
  Path Type:              Hold (Min at Fast Process Corner)
  Requirement:            0.000ns  (clkcore_unbuf rise@0.000ns - clkcore_unbuf rise@0.000ns)
  Data Path Delay:        0.218ns  (logic 0.141ns (64.541%)  route 0.077ns (35.459%))
  Logic Levels:           0  
  Clock Path Skew:        0.000ns (DCD - SCD - CPR)
    Destination Clock Delay (DCD):    -0.843ns
    Source Clock Delay      (SCD):    -0.605ns
    Clock Pessimism Removal (CPR):    -0.238ns

    Location             Delay type                Incr(ns)  Path(ns)    Netlist Resource(s)
  -------------------------------------------------------------------    -------------------
                         (clock clkcore_unbuf rise edge)
                                                      0.000     0.000 r  
    E3                                                0.000     0.000 r  CLK100MHZ (IN)
                         net (fo=0)                   0.000     0.000    CLK100MHZ
    E3                   IBUF (Prop_ibuf_I_O)         0.250     0.250 r  CLK100MHZ_IBUF_inst/O
                         net (fo=2, routed)           0.440     0.690    u_clk_gen/clk100mhz_in
    MMCME2_ADV_X1Y2      MMCME2_ADV (Prop_mmcme2_adv_CLKIN1_CLKOUT0)
                                                     -2.379    -1.689 r  u_clk_gen/mmcm_inst/CLKOUT0
                         net (fo=1, routed)           0.499    -1.190    u_clk_gen/clkcore_unbuf
    BUFGCTRL_X0Y17       BUFG (Prop_bufg_I_O)         0.026    -1.164 r  u_clk_gen/bufg_core/O
                         net (fo=82, routed)          0.559    -0.605    u_victim/CLK
    SLICE_X48Y107        FDRE                                         r  u_victim/lfsr_reg_reg[1]/C
  -------------------------------------------------------------------    -------------------
    SLICE_X48Y107        FDRE (Prop_fdre_C_Q)         0.141    -0.464 r  u_victim/lfsr_reg_reg[1]/Q
                         net (fo=2, routed)           0.077    -0.387    u_victim/L[29]
    SLICE_X48Y107        FDRE                                         r  u_victim/lfsr_reg_reg[2]/D
  -------------------------------------------------------------------    -------------------

                         (clock clkcore_unbuf rise edge)
                                                      0.000     0.000 r  
    E3                                                0.000     0.000 r  CLK100MHZ (IN)
                         net (fo=0)                   0.000     0.000    CLK100MHZ
    E3                   IBUF (Prop_ibuf_I_O)         0.438     0.438 r  CLK100MHZ_IBUF_inst/O
                         net (fo=2, routed)           0.480     0.918    u_clk_gen/clk100mhz_in
    MMCME2_ADV_X1Y2      MMCME2_ADV (Prop_mmcme2_adv_CLKIN1_CLKOUT0)
                                                     -3.163    -2.245 r  u_clk_gen/mmcm_inst/CLKOUT0
                         net (fo=1, routed)           0.544    -1.702    u_clk_gen/clkcore_unbuf
    BUFGCTRL_X0Y17       BUFG (Prop_bufg_I_O)         0.029    -1.673 r  u_clk_gen/bufg_core/O
                         net (fo=82, routed)          0.830    -0.843    u_victim/CLK
    SLICE_X48Y107        FDRE                                         r  u_victim/lfsr_reg_reg[2]/C
                         clock pessimism              0.238    -0.605    
    SLICE_X48Y107        FDRE (Hold_fdre_C_D)         0.075    -0.530    u_victim/lfsr_reg_reg[2]
  -------------------------------------------------------------------
                         required time                          0.530    
                         arrival time                          -0.387    
  -------------------------------------------------------------------
                         slack                                  0.143    

Slack (MET) :             0.160ns  (arrival time - required time)
  Source:                 rstn_c_sync1_reg/C
                            (rising edge-triggered cell FDRE clocked by clkcore_unbuf  {rise@0.000ns fall@20.000ns period=40.000ns})
  Destination:            rstn_c_sync2_reg/D
                            (rising edge-triggered cell FDRE clocked by clkcore_unbuf  {rise@0.000ns fall@20.000ns period=40.000ns})
  Path Group:             clkcore_unbuf
  Path Type:              Hold (Min at Fast Process Corner)
  Requirement:            0.000ns  (clkcore_unbuf rise@0.000ns - clkcore_unbuf rise@0.000ns)
  Data Path Delay:        0.220ns  (logic 0.164ns (74.580%)  route 0.056ns (25.420%))
  Logic Levels:           0  
  Clock Path Skew:        0.000ns (DCD - SCD - CPR)
    Destination Clock Delay (DCD):    -0.844ns
    Source Clock Delay      (SCD):    -0.605ns
    Clock Pessimism Removal (CPR):    -0.239ns

    Location             Delay type                Incr(ns)  Path(ns)    Netlist Resource(s)
  -------------------------------------------------------------------    -------------------
                         (clock clkcore_unbuf rise edge)
                                                      0.000     0.000 r  
    E3                                                0.000     0.000 r  CLK100MHZ (IN)
                         net (fo=0)                   0.000     0.000    CLK100MHZ
    E3                   IBUF (Prop_ibuf_I_O)         0.250     0.250 r  CLK100MHZ_IBUF_inst/O
                         net (fo=2, routed)           0.440     0.690    u_clk_gen/clk100mhz_in
    MMCME2_ADV_X1Y2      MMCME2_ADV (Prop_mmcme2_adv_CLKIN1_CLKOUT0)
                                                     -2.379    -1.689 r  u_clk_gen/mmcm_inst/CLKOUT0
                         net (fo=1, routed)           0.499    -1.190    u_clk_gen/clkcore_unbuf
    BUFGCTRL_X0Y17       BUFG (Prop_bufg_I_O)         0.026    -1.164 r  u_clk_gen/bufg_core/O
                         net (fo=82, routed)          0.559    -0.605    clk_core
    SLICE_X50Y103        FDRE                                         r  rstn_c_sync1_reg/C
  -------------------------------------------------------------------    -------------------
    SLICE_X50Y103        FDRE (Prop_fdre_C_Q)         0.164    -0.441 r  rstn_c_sync1_reg/Q
                         net (fo=1, routed)           0.056    -0.385    rstn_c_sync1
    SLICE_X50Y103        FDRE                                         r  rstn_c_sync2_reg/D
  -------------------------------------------------------------------    -------------------

                         (clock clkcore_unbuf rise edge)
                                                      0.000     0.000 r  
    E3                                                0.000     0.000 r  CLK100MHZ (IN)
                         net (fo=0)                   0.000     0.000    CLK100MHZ
    E3                   IBUF (Prop_ibuf_I_O)         0.438     0.438 r  CLK100MHZ_IBUF_inst/O
                         net (fo=2, routed)           0.480     0.918    u_clk_gen/clk100mhz_in
    MMCME2_ADV_X1Y2      MMCME2_ADV (Prop_mmcme2_adv_CLKIN1_CLKOUT0)
                                                     -3.163    -2.245 r  u_clk_gen/mmcm_inst/CLKOUT0
                         net (fo=1, routed)           0.544    -1.702    u_clk_gen/clkcore_unbuf
    BUFGCTRL_X0Y17       BUFG (Prop_bufg_I_O)         0.029    -1.673 r  u_clk_gen/bufg_core/O
                         net (fo=82, routed)          0.829    -0.844    clk_core
    SLICE_X50Y103        FDRE                                         r  rstn_c_sync2_reg/C
                         clock pessimism              0.239    -0.605    
    SLICE_X50Y103        FDRE (Hold_fdre_C_D)         0.060    -0.545    rstn_c_sync2_reg
  -------------------------------------------------------------------
                         required time                          0.545    
                         arrival time                          -0.385    
  -------------------------------------------------------------------
                         slack                                  0.160    

Slack (MET) :             0.161ns  (arrival time - required time)
  Source:                 u_victim/lfsr_reg_reg[16]/C
                            (rising edge-triggered cell FDSE clocked by clkcore_unbuf  {rise@0.000ns fall@20.000ns period=40.000ns})
  Destination:            u_victim/digest_reg_reg[16]/D
                            (rising edge-triggered cell FDRE clocked by clkcore_unbuf  {rise@0.000ns fall@20.000ns period=40.000ns})
  Path Group:             clkcore_unbuf
  Path Type:              Hold (Min at Fast Process Corner)
  Requirement:            0.000ns  (clkcore_unbuf rise@0.000ns - clkcore_unbuf rise@0.000ns)
  Data Path Delay:        0.269ns  (logic 0.141ns (52.325%)  route 0.128ns (47.675%))
  Logic Levels:           0  
  Clock Path Skew:        0.038ns (DCD - SCD - CPR)
    Destination Clock Delay (DCD):    -0.843ns
    Source Clock Delay      (SCD):    -0.606ns
    Clock Pessimism Removal (CPR):    -0.275ns

    Location             Delay type                Incr(ns)  Path(ns)    Netlist Resource(s)
  -------------------------------------------------------------------    -------------------
                         (clock clkcore_unbuf rise edge)
                                                      0.000     0.000 r  
    E3                                                0.000     0.000 r  CLK100MHZ (IN)
                         net (fo=0)                   0.000     0.000    CLK100MHZ
    E3                   IBUF (Prop_ibuf_I_O)         0.250     0.250 r  CLK100MHZ_IBUF_inst/O
                         net (fo=2, routed)           0.440     0.690    u_clk_gen/clk100mhz_in
    MMCME2_ADV_X1Y2      MMCME2_ADV (Prop_mmcme2_adv_CLKIN1_CLKOUT0)
                                                     -2.379    -1.689 r  u_clk_gen/mmcm_inst/CLKOUT0
                         net (fo=1, routed)           0.499    -1.190    u_clk_gen/clkcore_unbuf
    BUFGCTRL_X0Y17       BUFG (Prop_bufg_I_O)         0.026    -1.164 r  u_clk_gen/bufg_core/O
                         net (fo=82, routed)          0.558    -0.606    u_victim/CLK
    SLICE_X51Y109        FDSE                                         r  u_victim/lfsr_reg_reg[16]/C
  -------------------------------------------------------------------    -------------------
    SLICE_X51Y109        FDSE (Prop_fdse_C_Q)         0.141    -0.465 r  u_victim/lfsr_reg_reg[16]/Q
                         net (fo=2, routed)           0.128    -0.337    u_victim/L[14]
    SLICE_X49Y109        FDRE                                         r  u_victim/digest_reg_reg[16]/D
  -------------------------------------------------------------------    -------------------

                         (clock clkcore_unbuf rise edge)
                                                      0.000     0.000 r  
    E3                                                0.000     0.000 r  CLK100MHZ (IN)
                         net (fo=0)                   0.000     0.000    CLK100MHZ
    E3                   IBUF (Prop_ibuf_I_O)         0.438     0.438 r  CLK100MHZ_IBUF_inst/O
                         net (fo=2, routed)           0.480     0.918    u_clk_gen/clk100mhz_in
    MMCME2_ADV_X1Y2      MMCME2_ADV (Prop_mmcme2_adv_CLKIN1_CLKOUT0)
                                                     -3.163    -2.245 r  u_clk_gen/mmcm_inst/CLKOUT0
                         net (fo=1, routed)           0.544    -1.702    u_clk_gen/clkcore_unbuf
    BUFGCTRL_X0Y17       BUFG (Prop_bufg_I_O)         0.029    -1.673 r  u_clk_gen/bufg_core/O
                         net (fo=82, routed)          0.830    -0.843    u_victim/CLK
    SLICE_X49Y109        FDRE                                         r  u_victim/digest_reg_reg[16]/C
                         clock pessimism              0.275    -0.568    
    SLICE_X49Y109        FDRE (Hold_fdre_C_D)         0.070    -0.498    u_victim/digest_reg_reg[16]
  -------------------------------------------------------------------
                         required time                          0.498    
                         arrival time                          -0.337    
  -------------------------------------------------------------------
                         slack                                  0.161    

Slack (MET) :             0.165ns  (arrival time - required time)
  Source:                 u_victim/lfsr_reg_reg[15]/C
                            (rising edge-triggered cell FDRE clocked by clkcore_unbuf  {rise@0.000ns fall@20.000ns period=40.000ns})
  Destination:            u_victim/digest_reg_reg[15]/D
                            (rising edge-triggered cell FDRE clocked by clkcore_unbuf  {rise@0.000ns fall@20.000ns period=40.000ns})
  Path Group:             clkcore_unbuf
  Path Type:              Hold (Min at Fast Process Corner)
  Requirement:            0.000ns  (clkcore_unbuf rise@0.000ns - clkcore_unbuf rise@0.000ns)
  Data Path Delay:        0.269ns  (logic 0.141ns (52.385%)  route 0.128ns (47.615%))
  Logic Levels:           0  
  Clock Path Skew:        0.038ns (DCD - SCD - CPR)
    Destination Clock Delay (DCD):    -0.843ns
    Source Clock Delay      (SCD):    -0.606ns
    Clock Pessimism Removal (CPR):    -0.275ns

    Location             Delay type                Incr(ns)  Path(ns)    Netlist Resource(s)
  -------------------------------------------------------------------    -------------------
                         (clock clkcore_unbuf rise edge)
                                                      0.000     0.000 r  
    E3                                                0.000     0.000 r  CLK100MHZ (IN)
                         net (fo=0)                   0.000     0.000    CLK100MHZ
    E3                   IBUF (Prop_ibuf_I_O)         0.250     0.250 r  CLK100MHZ_IBUF_inst/O
                         net (fo=2, routed)           0.440     0.690    u_clk_gen/clk100mhz_in
    MMCME2_ADV_X1Y2      MMCME2_ADV (Prop_mmcme2_adv_CLKIN1_CLKOUT0)
                                                     -2.379    -1.689 r  u_clk_gen/mmcm_inst/CLKOUT0
                         net (fo=1, routed)           0.499    -1.190    u_clk_gen/clkcore_unbuf
    BUFGCTRL_X0Y17       BUFG (Prop_bufg_I_O)         0.026    -1.164 r  u_clk_gen/bufg_core/O
                         net (fo=82, routed)          0.558    -0.606    u_victim/CLK
    SLICE_X51Y109        FDRE                                         r  u_victim/lfsr_reg_reg[15]/C
  -------------------------------------------------------------------    -------------------
    SLICE_X51Y109        FDRE (Prop_fdre_C_Q)         0.141    -0.465 r  u_victim/lfsr_reg_reg[15]/Q
                         net (fo=2, routed)           0.128    -0.337    u_victim/L[15]
    SLICE_X49Y109        FDRE                                         r  u_victim/digest_reg_reg[15]/D
  -------------------------------------------------------------------    -------------------

                         (clock clkcore_unbuf rise edge)
                                                      0.000     0.000 r  
    E3                                                0.000     0.000 r  CLK100MHZ (IN)
                         net (fo=0)                   0.000     0.000    CLK100MHZ
    E3                   IBUF (Prop_ibuf_I_O)         0.438     0.438 r  CLK100MHZ_IBUF_inst/O
                         net (fo=2, routed)           0.480     0.918    u_clk_gen/clk100mhz_in
    MMCME2_ADV_X1Y2      MMCME2_ADV (Prop_mmcme2_adv_CLKIN1_CLKOUT0)
                                                     -3.163    -2.245 r  u_clk_gen/mmcm_inst/CLKOUT0
                         net (fo=1, routed)           0.544    -1.702    u_clk_gen/clkcore_unbuf
    BUFGCTRL_X0Y17       BUFG (Prop_bufg_I_O)         0.029    -1.673 r  u_clk_gen/bufg_core/O
                         net (fo=82, routed)          0.830    -0.843    u_victim/CLK
    SLICE_X49Y109        FDRE                                         r  u_victim/digest_reg_reg[15]/C
                         clock pessimism              0.275    -0.568    
    SLICE_X49Y109        FDRE (Hold_fdre_C_D)         0.066    -0.502    u_victim/digest_reg_reg[15]
  -------------------------------------------------------------------
                         required time                          0.502    
                         arrival time                          -0.337    
  -------------------------------------------------------------------
                         slack                                  0.165    

Slack (MET) :             0.173ns  (arrival time - required time)
  Source:                 u_victim/FSM_onehot_hs_state_reg[2]/C
                            (rising edge-triggered cell FDRE clocked by clkcore_unbuf  {rise@0.000ns fall@20.000ns period=40.000ns})
  Destination:            u_victim/FSM_onehot_hs_state_reg[0]/D
                            (rising edge-triggered cell FDSE clocked by clkcore_unbuf  {rise@0.000ns fall@20.000ns period=40.000ns})
  Path Group:             clkcore_unbuf
  Path Type:              Hold (Min at Fast Process Corner)
  Requirement:            0.000ns  (clkcore_unbuf rise@0.000ns - clkcore_unbuf rise@0.000ns)
  Data Path Delay:        0.530ns  (logic 0.227ns (42.814%)  route 0.303ns (57.186%))
  Logic Levels:           1  (LUT4=1)
  Clock Path Skew:        0.266ns (DCD - SCD - CPR)
    Destination Clock Delay (DCD):    -0.845ns
    Source Clock Delay      (SCD):    -0.607ns
    Clock Pessimism Removal (CPR):    -0.504ns

    Location             Delay type                Incr(ns)  Path(ns)    Netlist Resource(s)
  -------------------------------------------------------------------    -------------------
                         (clock clkcore_unbuf rise edge)
                                                      0.000     0.000 r  
    E3                                                0.000     0.000 r  CLK100MHZ (IN)
                         net (fo=0)                   0.000     0.000    CLK100MHZ
    E3                   IBUF (Prop_ibuf_I_O)         0.250     0.250 r  CLK100MHZ_IBUF_inst/O
                         net (fo=2, routed)           0.440     0.690    u_clk_gen/clk100mhz_in
    MMCME2_ADV_X1Y2      MMCME2_ADV (Prop_mmcme2_adv_CLKIN1_CLKOUT0)
                                                     -2.379    -1.689 r  u_clk_gen/mmcm_inst/CLKOUT0
                         net (fo=1, routed)           0.499    -1.190    u_clk_gen/clkcore_unbuf
    BUFGCTRL_X0Y17       BUFG (Prop_bufg_I_O)         0.026    -1.164 r  u_clk_gen/bufg_core/O
                         net (fo=82, routed)          0.557    -0.607    u_victim/CLK
    SLICE_X52Y109        FDRE                                         r  u_victim/FSM_onehot_hs_state_reg[2]/C
  -------------------------------------------------------------------    -------------------
    SLICE_X52Y109        FDRE (Prop_fdre_C_Q)         0.128    -0.479 r  u_victim/FSM_onehot_hs_state_reg[2]/Q
                         net (fo=3, routed)           0.303    -0.176    u_victim/FSM_onehot_hs_state_reg_n_0_[2]
    SLICE_X51Y109        LUT4 (Prop_lut4_I1_O)        0.099    -0.077 r  u_victim/FSM_onehot_hs_state[0]_i_1/O
                         net (fo=1, routed)           0.000    -0.077    u_victim/FSM_onehot_hs_state[0]_i_1_n_0
    SLICE_X51Y109        FDSE                                         r  u_victim/FSM_onehot_hs_state_reg[0]/D
  -------------------------------------------------------------------    -------------------

                         (clock clkcore_unbuf rise edge)
                                                      0.000     0.000 r  
    E3                                                0.000     0.000 r  CLK100MHZ (IN)
                         net (fo=0)                   0.000     0.000    CLK100MHZ
    E3                   IBUF (Prop_ibuf_I_O)         0.438     0.438 r  CLK100MHZ_IBUF_inst/O
                         net (fo=2, routed)           0.480     0.918    u_clk_gen/clk100mhz_in
    MMCME2_ADV_X1Y2      MMCME2_ADV (Prop_mmcme2_adv_CLKIN1_CLKOUT0)
                                                     -3.163    -2.245 r  u_clk_gen/mmcm_inst/CLKOUT0
                         net (fo=1, routed)           0.544    -1.702    u_clk_gen/clkcore_unbuf
    BUFGCTRL_X0Y17       BUFG (Prop_bufg_I_O)         0.029    -1.673 r  u_clk_gen/bufg_core/O
                         net (fo=82, routed)          0.828    -0.845    u_victim/CLK
    SLICE_X51Y109        FDSE                                         r  u_victim/FSM_onehot_hs_state_reg[0]/C
                         clock pessimism              0.504    -0.341    
    SLICE_X51Y109        FDSE (Hold_fdse_C_D)         0.091    -0.250    u_victim/FSM_onehot_hs_state_reg[0]
  -------------------------------------------------------------------
                         required time                          0.250    
                         arrival time                          -0.077    
  -------------------------------------------------------------------
                         slack                                  0.173    

Slack (MET) :             0.178ns  (arrival time - required time)
  Source:                 u_victim/lfsr_reg_reg[18]/C
                            (rising edge-triggered cell FDRE clocked by clkcore_unbuf  {rise@0.000ns fall@20.000ns period=40.000ns})
  Destination:            u_victim/digest_reg_reg[18]/D
                            (rising edge-triggered cell FDRE clocked by clkcore_unbuf  {rise@0.000ns fall@20.000ns period=40.000ns})
  Path Group:             clkcore_unbuf
  Path Type:              Hold (Min at Fast Process Corner)
  Requirement:            0.000ns  (clkcore_unbuf rise@0.000ns - clkcore_unbuf rise@0.000ns)
  Data Path Delay:        0.263ns  (logic 0.141ns (53.571%)  route 0.122ns (46.429%))
  Logic Levels:           0  
  Clock Path Skew:        0.015ns (DCD - SCD - CPR)
    Destination Clock Delay (DCD):    -0.843ns
    Source Clock Delay      (SCD):    -0.603ns
    Clock Pessimism Removal (CPR):    -0.255ns

    Location             Delay type                Incr(ns)  Path(ns)    Netlist Resource(s)
  -------------------------------------------------------------------    -------------------
                         (clock clkcore_unbuf rise edge)
                                                      0.000     0.000 r  
    E3                                                0.000     0.000 r  CLK100MHZ (IN)
                         net (fo=0)                   0.000     0.000    CLK100MHZ
    E3                   IBUF (Prop_ibuf_I_O)         0.250     0.250 r  CLK100MHZ_IBUF_inst/O
                         net (fo=2, routed)           0.440     0.690    u_clk_gen/clk100mhz_in
    MMCME2_ADV_X1Y2      MMCME2_ADV (Prop_mmcme2_adv_CLKIN1_CLKOUT0)
                                                     -2.379    -1.689 r  u_clk_gen/mmcm_inst/CLKOUT0
                         net (fo=1, routed)           0.499    -1.190    u_clk_gen/clkcore_unbuf
    BUFGCTRL_X0Y17       BUFG (Prop_bufg_I_O)         0.026    -1.164 r  u_clk_gen/bufg_core/O
                         net (fo=82, routed)          0.561    -0.603    u_victim/CLK
    SLICE_X45Y109        FDRE                                         r  u_victim/lfsr_reg_reg[18]/C
  -------------------------------------------------------------------    -------------------
    SLICE_X45Y109        FDRE (Prop_fdre_C_Q)         0.141    -0.462 r  u_victim/lfsr_reg_reg[18]/Q
                         net (fo=2, routed)           0.122    -0.340    u_victim/L[12]
    SLICE_X45Y110        FDRE                                         r  u_victim/digest_reg_reg[18]/D
  -------------------------------------------------------------------    -------------------

                         (clock clkcore_unbuf rise edge)
                                                      0.000     0.000 r  
    E3                                                0.000     0.000 r  CLK100MHZ (IN)
                         net (fo=0)                   0.000     0.000    CLK100MHZ
    E3                   IBUF (Prop_ibuf_I_O)         0.438     0.438 r  CLK100MHZ_IBUF_inst/O
                         net (fo=2, routed)           0.480     0.918    u_clk_gen/clk100mhz_in
    MMCME2_ADV_X1Y2      MMCME2_ADV (Prop_mmcme2_adv_CLKIN1_CLKOUT0)
                                                     -3.163    -2.245 r  u_clk_gen/mmcm_inst/CLKOUT0
                         net (fo=1, routed)           0.544    -1.702    u_clk_gen/clkcore_unbuf
    BUFGCTRL_X0Y17       BUFG (Prop_bufg_I_O)         0.029    -1.673 r  u_clk_gen/bufg_core/O
                         net (fo=82, routed)          0.830    -0.843    u_victim/CLK
    SLICE_X45Y110        FDRE                                         r  u_victim/digest_reg_reg[18]/C
                         clock pessimism              0.255    -0.588    
    SLICE_X45Y110        FDRE (Hold_fdre_C_D)         0.070    -0.518    u_victim/digest_reg_reg[18]
  -------------------------------------------------------------------
                         required time                          0.518    
                         arrival time                          -0.340    
  -------------------------------------------------------------------
                         slack                                  0.178    

Slack (MET) :             0.180ns  (arrival time - required time)
  Source:                 u_victim/lfsr_reg_reg[9]/C
                            (rising edge-triggered cell FDRE clocked by clkcore_unbuf  {rise@0.000ns fall@20.000ns period=40.000ns})
  Destination:            u_victim/digest_reg_reg[9]/D
                            (rising edge-triggered cell FDRE clocked by clkcore_unbuf  {rise@0.000ns fall@20.000ns period=40.000ns})
  Path Group:             clkcore_unbuf
  Path Type:              Hold (Min at Fast Process Corner)
  Requirement:            0.000ns  (clkcore_unbuf rise@0.000ns - clkcore_unbuf rise@0.000ns)
  Data Path Delay:        0.296ns  (logic 0.164ns (55.333%)  route 0.132ns (44.667%))
  Logic Levels:           0  
  Clock Path Skew:        0.038ns (DCD - SCD - CPR)
    Destination Clock Delay (DCD):    -0.843ns
    Source Clock Delay      (SCD):    -0.606ns
    Clock Pessimism Removal (CPR):    -0.275ns

    Location             Delay type                Incr(ns)  Path(ns)    Netlist Resource(s)
  -------------------------------------------------------------------    -------------------
                         (clock clkcore_unbuf rise edge)
                                                      0.000     0.000 r  
    E3                                                0.000     0.000 r  CLK100MHZ (IN)
                         net (fo=0)                   0.000     0.000    CLK100MHZ
    E3                   IBUF (Prop_ibuf_I_O)         0.250     0.250 r  CLK100MHZ_IBUF_inst/O
                         net (fo=2, routed)           0.440     0.690    u_clk_gen/clk100mhz_in
    MMCME2_ADV_X1Y2      MMCME2_ADV (Prop_mmcme2_adv_CLKIN1_CLKOUT0)
                                                     -2.379    -1.689 r  u_clk_gen/mmcm_inst/CLKOUT0
                         net (fo=1, routed)           0.499    -1.190    u_clk_gen/clkcore_unbuf
    BUFGCTRL_X0Y17       BUFG (Prop_bufg_I_O)         0.026    -1.164 r  u_clk_gen/bufg_core/O
                         net (fo=82, routed)          0.558    -0.606    u_victim/CLK
    SLICE_X50Y107        FDRE                                         r  u_victim/lfsr_reg_reg[9]/C
  -------------------------------------------------------------------    -------------------
    SLICE_X50Y107        FDRE (Prop_fdre_C_Q)         0.164    -0.442 r  u_victim/lfsr_reg_reg[9]/Q
                         net (fo=2, routed)           0.132    -0.310    u_victim/L[21]
    SLICE_X47Y107        FDRE                                         r  u_victim/digest_reg_reg[9]/D
  -------------------------------------------------------------------    -------------------

                         (clock clkcore_unbuf rise edge)
                                                      0.000     0.000 r  
    E3                                                0.000     0.000 r  CLK100MHZ (IN)
                         net (fo=0)                   0.000     0.000    CLK100MHZ
    E3                   IBUF (Prop_ibuf_I_O)         0.438     0.438 r  CLK100MHZ_IBUF_inst/O
                         net (fo=2, routed)           0.480     0.918    u_clk_gen/clk100mhz_in
    MMCME2_ADV_X1Y2      MMCME2_ADV (Prop_mmcme2_adv_CLKIN1_CLKOUT0)
                                                     -3.163    -2.245 r  u_clk_gen/mmcm_inst/CLKOUT0
                         net (fo=1, routed)           0.544    -1.702    u_clk_gen/clkcore_unbuf
    BUFGCTRL_X0Y17       BUFG (Prop_bufg_I_O)         0.029    -1.673 r  u_clk_gen/bufg_core/O
                         net (fo=82, routed)          0.830    -0.843    u_victim/CLK
    SLICE_X47Y107        FDRE                                         r  u_victim/digest_reg_reg[9]/C
                         clock pessimism              0.275    -0.568    
    SLICE_X47Y107        FDRE (Hold_fdre_C_D)         0.078    -0.490    u_victim/digest_reg_reg[9]
  -------------------------------------------------------------------
                         required time                          0.490    
                         arrival time                          -0.310    
  -------------------------------------------------------------------
                         slack                                  0.180    

Slack (MET) :             0.182ns  (arrival time - required time)
  Source:                 u_victim/lfsr_reg_reg[5]/C
                            (rising edge-triggered cell FDSE clocked by clkcore_unbuf  {rise@0.000ns fall@20.000ns period=40.000ns})
  Destination:            u_victim/digest_reg_reg[5]/D
                            (rising edge-triggered cell FDRE clocked by clkcore_unbuf  {rise@0.000ns fall@20.000ns period=40.000ns})
  Path Group:             clkcore_unbuf
  Path Type:              Hold (Min at Fast Process Corner)
  Requirement:            0.000ns  (clkcore_unbuf rise@0.000ns - clkcore_unbuf rise@0.000ns)
  Data Path Delay:        0.270ns  (logic 0.141ns (52.286%)  route 0.129ns (47.714%))
  Logic Levels:           0  
  Clock Path Skew:        0.016ns (DCD - SCD - CPR)
    Destination Clock Delay (DCD):    -0.843ns
    Source Clock Delay      (SCD):    -0.605ns
    Clock Pessimism Removal (CPR):    -0.254ns

    Location             Delay type                Incr(ns)  Path(ns)    Netlist Resource(s)
  -------------------------------------------------------------------    -------------------
                         (clock clkcore_unbuf rise edge)
                                                      0.000     0.000 r  
    E3                                                0.000     0.000 r  CLK100MHZ (IN)
                         net (fo=0)                   0.000     0.000    CLK100MHZ
    E3                   IBUF (Prop_ibuf_I_O)         0.250     0.250 r  CLK100MHZ_IBUF_inst/O
                         net (fo=2, routed)           0.440     0.690    u_clk_gen/clk100mhz_in
    MMCME2_ADV_X1Y2      MMCME2_ADV (Prop_mmcme2_adv_CLKIN1_CLKOUT0)
                                                     -2.379    -1.689 r  u_clk_gen/mmcm_inst/CLKOUT0
                         net (fo=1, routed)           0.499    -1.190    u_clk_gen/clkcore_unbuf
    BUFGCTRL_X0Y17       BUFG (Prop_bufg_I_O)         0.026    -1.164 r  u_clk_gen/bufg_core/O
                         net (fo=82, routed)          0.559    -0.605    u_victim/CLK
    SLICE_X48Y107        FDSE                                         r  u_victim/lfsr_reg_reg[5]/C
  -------------------------------------------------------------------    -------------------
    SLICE_X48Y107        FDSE (Prop_fdse_C_Q)         0.141    -0.464 r  u_victim/lfsr_reg_reg[5]/Q
                         net (fo=2, routed)           0.129    -0.336    u_victim/L[25]
    SLICE_X48Y108        FDRE                                         r  u_victim/digest_reg_reg[5]/D
  -------------------------------------------------------------------    -------------------

                         (clock clkcore_unbuf rise edge)
                                                      0.000     0.000 r  
    E3                                                0.000     0.000 r  CLK100MHZ (IN)
                         net (fo=0)                   0.000     0.000    CLK100MHZ
    E3                   IBUF (Prop_ibuf_I_O)         0.438     0.438 r  CLK100MHZ_IBUF_inst/O
                         net (fo=2, routed)           0.480     0.918    u_clk_gen/clk100mhz_in
    MMCME2_ADV_X1Y2      MMCME2_ADV (Prop_mmcme2_adv_CLKIN1_CLKOUT0)
                                                     -3.163    -2.245 r  u_clk_gen/mmcm_inst/CLKOUT0
                         net (fo=1, routed)           0.544    -1.702    u_clk_gen/clkcore_unbuf
    BUFGCTRL_X0Y17       BUFG (Prop_bufg_I_O)         0.029    -1.673 r  u_clk_gen/bufg_core/O
                         net (fo=82, routed)          0.830    -0.843    u_victim/CLK
    SLICE_X48Y108        FDRE                                         r  u_victim/digest_reg_reg[5]/C
                         clock pessimism              0.254    -0.589    
    SLICE_X48Y108        FDRE (Hold_fdre_C_D)         0.072    -0.517    u_victim/digest_reg_reg[5]
  -------------------------------------------------------------------
                         required time                          0.517    
                         arrival time                          -0.336    
  -------------------------------------------------------------------
                         slack                                  0.182    

Slack (MET) :             0.201ns  (arrival time - required time)
  Source:                 u_victim/lfsr_reg_reg[5]/C
                            (rising edge-triggered cell FDSE clocked by clkcore_unbuf  {rise@0.000ns fall@20.000ns period=40.000ns})
  Destination:            u_victim/lfsr_reg_reg[6]/D
                            (rising edge-triggered cell FDSE clocked by clkcore_unbuf  {rise@0.000ns fall@20.000ns period=40.000ns})
  Path Group:             clkcore_unbuf
  Path Type:              Hold (Min at Fast Process Corner)
  Requirement:            0.000ns  (clkcore_unbuf rise@0.000ns - clkcore_unbuf rise@0.000ns)
  Data Path Delay:        0.272ns  (logic 0.141ns (51.814%)  route 0.131ns (48.186%))
  Logic Levels:           0  
  Clock Path Skew:        0.000ns (DCD - SCD - CPR)
    Destination Clock Delay (DCD):    -0.843ns
    Source Clock Delay      (SCD):    -0.605ns
    Clock Pessimism Removal (CPR):    -0.238ns

    Location             Delay type                Incr(ns)  Path(ns)    Netlist Resource(s)
  -------------------------------------------------------------------    -------------------
                         (clock clkcore_unbuf rise edge)
                                                      0.000     0.000 r  
    E3                                                0.000     0.000 r  CLK100MHZ (IN)
                         net (fo=0)                   0.000     0.000    CLK100MHZ
    E3                   IBUF (Prop_ibuf_I_O)         0.250     0.250 r  CLK100MHZ_IBUF_inst/O
                         net (fo=2, routed)           0.440     0.690    u_clk_gen/clk100mhz_in
    MMCME2_ADV_X1Y2      MMCME2_ADV (Prop_mmcme2_adv_CLKIN1_CLKOUT0)
                                                     -2.379    -1.689 r  u_clk_gen/mmcm_inst/CLKOUT0
                         net (fo=1, routed)           0.499    -1.190    u_clk_gen/clkcore_unbuf
    BUFGCTRL_X0Y17       BUFG (Prop_bufg_I_O)         0.026    -1.164 r  u_clk_gen/bufg_core/O
                         net (fo=82, routed)          0.559    -0.605    u_victim/CLK
    SLICE_X48Y107        FDSE                                         r  u_victim/lfsr_reg_reg[5]/C
  -------------------------------------------------------------------    -------------------
    SLICE_X48Y107        FDSE (Prop_fdse_C_Q)         0.141    -0.464 r  u_victim/lfsr_reg_reg[5]/Q
                         net (fo=2, routed)           0.131    -0.333    u_victim/L[25]
    SLICE_X48Y107        FDSE                                         r  u_victim/lfsr_reg_reg[6]/D
  -------------------------------------------------------------------    -------------------

                         (clock clkcore_unbuf rise edge)
                                                      0.000     0.000 r  
    E3                                                0.000     0.000 r  CLK100MHZ (IN)
                         net (fo=0)                   0.000     0.000    CLK100MHZ
    E3                   IBUF (Prop_ibuf_I_O)         0.438     0.438 r  CLK100MHZ_IBUF_inst/O
                         net (fo=2, routed)           0.480     0.918    u_clk_gen/clk100mhz_in
    MMCME2_ADV_X1Y2      MMCME2_ADV (Prop_mmcme2_adv_CLKIN1_CLKOUT0)
                                                     -3.163    -2.245 r  u_clk_gen/mmcm_inst/CLKOUT0
                         net (fo=1, routed)           0.544    -1.702    u_clk_gen/clkcore_unbuf
    BUFGCTRL_X0Y17       BUFG (Prop_bufg_I_O)         0.029    -1.673 r  u_clk_gen/bufg_core/O
                         net (fo=82, routed)          0.830    -0.843    u_victim/CLK
    SLICE_X48Y107        FDSE                                         r  u_victim/lfsr_reg_reg[6]/C
                         clock pessimism              0.238    -0.605    
    SLICE_X48Y107        FDSE (Hold_fdse_C_D)         0.071    -0.534    u_victim/lfsr_reg_reg[6]
  -------------------------------------------------------------------
                         required time                          0.534    
                         arrival time                          -0.333    
  -------------------------------------------------------------------
                         slack                                  0.201    

Slack (MET) :             0.207ns  (arrival time - required time)
  Source:                 u_victim/lfsr_reg_reg[17]/C
                            (rising edge-triggered cell FDRE clocked by clkcore_unbuf  {rise@0.000ns fall@20.000ns period=40.000ns})
  Destination:            u_victim/digest_reg_reg[17]/D
                            (rising edge-triggered cell FDRE clocked by clkcore_unbuf  {rise@0.000ns fall@20.000ns period=40.000ns})
  Path Group:             clkcore_unbuf
  Path Type:              Hold (Min at Fast Process Corner)
  Requirement:            0.000ns  (clkcore_unbuf rise@0.000ns - clkcore_unbuf rise@0.000ns)
  Data Path Delay:        0.264ns  (logic 0.128ns (48.435%)  route 0.136ns (51.565%))
  Logic Levels:           0  
  Clock Path Skew:        0.038ns (DCD - SCD - CPR)
    Destination Clock Delay (DCD):    -0.843ns
    Source Clock Delay      (SCD):    -0.606ns
    Clock Pessimism Removal (CPR):    -0.275ns

    Location             Delay type                Incr(ns)  Path(ns)    Netlist Resource(s)
  -------------------------------------------------------------------    -------------------
                         (clock clkcore_unbuf rise edge)
                                                      0.000     0.000 r  
    E3                                                0.000     0.000 r  CLK100MHZ (IN)
                         net (fo=0)                   0.000     0.000    CLK100MHZ
    E3                   IBUF (Prop_ibuf_I_O)         0.250     0.250 r  CLK100MHZ_IBUF_inst/O
                         net (fo=2, routed)           0.440     0.690    u_clk_gen/clk100mhz_in
    MMCME2_ADV_X1Y2      MMCME2_ADV (Prop_mmcme2_adv_CLKIN1_CLKOUT0)
                                                     -2.379    -1.689 r  u_clk_gen/mmcm_inst/CLKOUT0
                         net (fo=1, routed)           0.499    -1.190    u_clk_gen/clkcore_unbuf
    BUFGCTRL_X0Y17       BUFG (Prop_bufg_I_O)         0.026    -1.164 r  u_clk_gen/bufg_core/O
                         net (fo=82, routed)          0.558    -0.606    u_victim/CLK
    SLICE_X51Y109        FDRE                                         r  u_victim/lfsr_reg_reg[17]/C
  -------------------------------------------------------------------    -------------------
    SLICE_X51Y109        FDRE (Prop_fdre_C_Q)         0.128    -0.478 r  u_victim/lfsr_reg_reg[17]/Q
                         net (fo=2, routed)           0.136    -0.342    u_victim/L[13]
    SLICE_X49Y109        FDRE                                         r  u_victim/digest_reg_reg[17]/D
  -------------------------------------------------------------------    -------------------

                         (clock clkcore_unbuf rise edge)
                                                      0.000     0.000 r  
    E3                                                0.000     0.000 r  CLK100MHZ (IN)
                         net (fo=0)                   0.000     0.000    CLK100MHZ
    E3                   IBUF (Prop_ibuf_I_O)         0.438     0.438 r  CLK100MHZ_IBUF_inst/O
                         net (fo=2, routed)           0.480     0.918    u_clk_gen/clk100mhz_in
    MMCME2_ADV_X1Y2      MMCME2_ADV (Prop_mmcme2_adv_CLKIN1_CLKOUT0)
                                                     -3.163    -2.245 r  u_clk_gen/mmcm_inst/CLKOUT0
                         net (fo=1, routed)           0.544    -1.702    u_clk_gen/clkcore_unbuf
    BUFGCTRL_X0Y17       BUFG (Prop_bufg_I_O)         0.029    -1.673 r  u_clk_gen/bufg_core/O
                         net (fo=82, routed)          0.830    -0.843    u_victim/CLK
    SLICE_X49Y109        FDRE                                         r  u_victim/digest_reg_reg[17]/C
                         clock pessimism              0.275    -0.568    
    SLICE_X49Y109        FDRE (Hold_fdre_C_D)         0.019    -0.549    u_victim/digest_reg_reg[17]
  -------------------------------------------------------------------
                         required time                          0.549    
                         arrival time                          -0.342    
  -------------------------------------------------------------------
                         slack                                  0.207    





Pulse Width Checks
--------------------------------------------------------------------------------------
Clock Name:         clkcore_unbuf
Waveform(ns):       { 0.000 20.000 }
Period(ns):         40.000
Sources:            { u_clk_gen/mmcm_inst/CLKOUT0 }

Check Type        Corner  Lib Pin             Reference Pin  Required(ns)  Actual(ns)  Slack(ns)  Location         Pin
Min Period        n/a     BUFG/I              n/a            2.155         40.000      37.845     BUFGCTRL_X0Y17   u_clk_gen/bufg_core/I
Min Period        n/a     MMCME2_ADV/CLKOUT0  n/a            1.249         40.000      38.751     MMCME2_ADV_X1Y2  u_clk_gen/mmcm_inst/CLKOUT0
Min Period        n/a     FDRE/C              n/a            1.000         40.000      39.000     SLICE_X50Y103    rstn_c_sync1_reg/C
Min Period        n/a     FDRE/C              n/a            1.000         40.000      39.000     SLICE_X50Y103    rstn_c_sync2_reg/C
Min Period        n/a     FDSE/C              n/a            1.000         40.000      39.000     SLICE_X51Y109    u_victim/FSM_onehot_hs_state_reg[0]/C
Min Period        n/a     FDRE/C              n/a            1.000         40.000      39.000     SLICE_X52Y109    u_victim/FSM_onehot_hs_state_reg[1]/C
Min Period        n/a     FDRE/C              n/a            1.000         40.000      39.000     SLICE_X52Y109    u_victim/FSM_onehot_hs_state_reg[2]/C
Min Period        n/a     FDRE/C              n/a            1.000         40.000      39.000     SLICE_X44Y107    u_victim/digest_reg_reg[0]/C
Min Period        n/a     FDRE/C              n/a            1.000         40.000      39.000     SLICE_X48Y108    u_victim/digest_reg_reg[10]/C
Min Period        n/a     FDRE/C              n/a            1.000         40.000      39.000     SLICE_X47Y107    u_victim/digest_reg_reg[11]/C
Max Period        n/a     MMCME2_ADV/CLKOUT0  n/a            213.360       40.000      173.360    MMCME2_ADV_X1Y2  u_clk_gen/mmcm_inst/CLKOUT0
Low Pulse Width   Slow    FDRE/C              n/a            0.500         20.000      19.500     SLICE_X50Y103    rstn_c_sync1_reg/C
Low Pulse Width   Fast    FDRE/C              n/a            0.500         20.000      19.500     SLICE_X50Y103    rstn_c_sync1_reg/C
Low Pulse Width   Slow    FDRE/C              n/a            0.500         20.000      19.500     SLICE_X50Y103    rstn_c_sync2_reg/C
Low Pulse Width   Fast    FDRE/C              n/a            0.500         20.000      19.500     SLICE_X50Y103    rstn_c_sync2_reg/C
Low Pulse Width   Slow    FDSE/C              n/a            0.500         20.000      19.500     SLICE_X51Y109    u_victim/FSM_onehot_hs_state_reg[0]/C
Low Pulse Width   Fast    FDSE/C              n/a            0.500         20.000      19.500     SLICE_X51Y109    u_victim/FSM_onehot_hs_state_reg[0]/C
Low Pulse Width   Slow    FDRE/C              n/a            0.500         20.000      19.500     SLICE_X52Y109    u_victim/FSM_onehot_hs_state_reg[1]/C
Low Pulse Width   Fast    FDRE/C              n/a            0.500         20.000      19.500     SLICE_X52Y109    u_victim/FSM_onehot_hs_state_reg[1]/C
Low Pulse Width   Slow    FDRE/C              n/a            0.500         20.000      19.500     SLICE_X52Y109    u_victim/FSM_onehot_hs_state_reg[2]/C
Low Pulse Width   Fast    FDRE/C              n/a            0.500         20.000      19.500     SLICE_X52Y109    u_victim/FSM_onehot_hs_state_reg[2]/C
High Pulse Width  Slow    FDRE/C              n/a            0.500         20.000      19.500     SLICE_X50Y103    rstn_c_sync1_reg/C
High Pulse Width  Fast    FDRE/C              n/a            0.500         20.000      19.500     SLICE_X50Y103    rstn_c_sync1_reg/C
High Pulse Width  Slow    FDRE/C              n/a            0.500         20.000      19.500     SLICE_X50Y103    rstn_c_sync2_reg/C
High Pulse Width  Fast    FDRE/C              n/a            0.500         20.000      19.500     SLICE_X50Y103    rstn_c_sync2_reg/C
High Pulse Width  Slow    FDSE/C              n/a            0.500         20.000      19.500     SLICE_X51Y109    u_victim/FSM_onehot_hs_state_reg[0]/C
High Pulse Width  Fast    FDSE/C              n/a            0.500         20.000      19.500     SLICE_X51Y109    u_victim/FSM_onehot_hs_state_reg[0]/C
High Pulse Width  Slow    FDRE/C              n/a            0.500         20.000      19.500     SLICE_X52Y109    u_victim/FSM_onehot_hs_state_reg[1]/C
High Pulse Width  Fast    FDRE/C              n/a            0.500         20.000      19.500     SLICE_X52Y109    u_victim/FSM_onehot_hs_state_reg[1]/C
High Pulse Width  Slow    FDRE/C              n/a            0.500         20.000      19.500     SLICE_X52Y109    u_victim/FSM_onehot_hs_state_reg[2]/C
High Pulse Width  Fast    FDRE/C              n/a            0.500         20.000      19.500     SLICE_X52Y109    u_victim/FSM_onehot_hs_state_reg[2]/C



---------------------------------------------------------------------------------------------------
From Clock:  clkfb_out
  To Clock:  clkfb_out

Setup :           NA  Failing Endpoints,  Worst Slack           NA  ,  Total Violation           NA
Hold  :           NA  Failing Endpoints,  Worst Slack           NA  ,  Total Violation           NA
PW    :            0  Failing Endpoints,  Worst Slack        7.845ns,  Total Violation        0.000ns
---------------------------------------------------------------------------------------------------


Pulse Width Checks
--------------------------------------------------------------------------------------
Clock Name:         clkfb_out
Waveform(ns):       { 0.000 5.000 }
Period(ns):         10.000
Sources:            { u_clk_gen/mmcm_inst/CLKFBOUT }

Check Type  Corner  Lib Pin              Reference Pin  Required(ns)  Actual(ns)  Slack(ns)  Location         Pin
Min Period  n/a     BUFG/I               n/a            2.155         10.000      7.845      BUFGCTRL_X0Y18   u_clk_gen/bufg_fb/I
Min Period  n/a     MMCME2_ADV/CLKFBOUT  n/a            1.249         10.000      8.751      MMCME2_ADV_X1Y2  u_clk_gen/mmcm_inst/CLKFBOUT
Min Period  n/a     MMCME2_ADV/CLKFBIN   n/a            1.249         10.000      8.751      MMCME2_ADV_X1Y2  u_clk_gen/mmcm_inst/CLKFBIN
Max Period  n/a     MMCME2_ADV/CLKFBIN   n/a            100.000       10.000      90.000     MMCME2_ADV_X1Y2  u_clk_gen/mmcm_inst/CLKFBIN
Max Period  n/a     MMCME2_ADV/CLKFBOUT  n/a            213.360       10.000      203.360    MMCME2_ADV_X1Y2  u_clk_gen/mmcm_inst/CLKFBOUT



---------------------------------------------------------------------------------------------------
From Clock:  clk100_unbuf
  To Clock:  sys_clk_pin

Setup :            0  Failing Endpoints,  Worst Slack        0.337ns,  Total Violation        0.000ns
Hold  :            0  Failing Endpoints,  Worst Slack        1.609ns,  Total Violation        0.000ns
---------------------------------------------------------------------------------------------------


Max Delay Paths
--------------------------------------------------------------------------------------
Slack (MET) :             0.337ns  (required time - arrival time)
  Source:                 u_mmcm_drp/drp_di_reg[3]/C
                            (rising edge-triggered cell FDRE clocked by clk100_unbuf  {rise@0.000ns fall@5.000ns period=10.000ns})
  Destination:            u_clk_gen/mmcm_inst/DI[3]
                            (rising edge-triggered cell MMCME2_ADV clocked by sys_clk_pin  {rise@0.000ns fall@5.000ns period=10.000ns})
  Path Group:             sys_clk_pin
  Path Type:              Setup (Max at Slow Process Corner)
  Requirement:            10.000ns  (sys_clk_pin rise@10.000ns - clk100_unbuf rise@0.000ns)
  Data Path Delay:        11.467ns  (logic 0.518ns (4.517%)  route 10.949ns (95.483%))
  Logic Levels:           0  
  Clock Path Skew:        3.599ns (DCD - SCD + CPR)
    Destination Clock Delay (DCD):    2.705ns = ( 12.705 - 10.000 ) 
    Source Clock Delay      (SCD):    -0.823ns
    Clock Pessimism Removal (CPR):    0.071ns
  Clock Uncertainty:      0.172ns  ((TSJ^2 + DJ^2)^1/2) / 2 + PE
    Total System Jitter     (TSJ):    0.071ns
    Discrete Jitter          (DJ):    0.129ns
    Phase Error              (PE):    0.099ns

    Location             Delay type                Incr(ns)  Path(ns)    Netlist Resource(s)
  -------------------------------------------------------------------    -------------------
                         (clock clk100_unbuf rise edge)
                                                      0.000     0.000 r  
    E3                                                0.000     0.000 r  CLK100MHZ (IN)
                         net (fo=0)                   0.000     0.000    CLK100MHZ
    E3                   IBUF (Prop_ibuf_I_O)         1.482     1.482 r  CLK100MHZ_IBUF_inst/O
                         net (fo=2, routed)           1.233     2.715    u_clk_gen/clk100mhz_in
    MMCME2_ADV_X1Y2      MMCME2_ADV (Prop_mmcme2_adv_CLKIN1_CLKOUT1)
                                                     -7.070    -4.355 r  u_clk_gen/mmcm_inst/CLKOUT1
                         net (fo=1, routed)           1.719    -2.636    u_clk_gen/clk100_unbuf
    BUFGCTRL_X0Y16       BUFG (Prop_bufg_I_O)         0.096    -2.540 r  u_clk_gen/bufg_100/O
                         net (fo=863, routed)         1.717    -0.823    u_mmcm_drp/clk100
    SLICE_X88Y100        FDRE                                         r  u_mmcm_drp/drp_di_reg[3]/C
  -------------------------------------------------------------------    -------------------
    SLICE_X88Y100        FDRE (Prop_fdre_C_Q)         0.518    -0.305 r  u_mmcm_drp/drp_di_reg[3]/Q
                         net (fo=1, routed)          10.949    10.644    u_clk_gen/Q[3]
    MMCME2_ADV_X1Y2      MMCME2_ADV                                   r  u_clk_gen/mmcm_inst/DI[3]
  -------------------------------------------------------------------    -------------------

                         (clock sys_clk_pin rise edge)
                                                     10.000    10.000 r  
    E3                                                0.000    10.000 r  CLK100MHZ (IN)
                         net (fo=0)                   0.000    10.000    CLK100MHZ
    E3                   IBUF (Prop_ibuf_I_O)         1.411    11.411 r  CLK100MHZ_IBUF_inst/O
                         net (fo=2, routed)           1.294    12.705    u_clk_gen/clk100mhz_in
    MMCME2_ADV_X1Y2      MMCME2_ADV                                   r  u_clk_gen/mmcm_inst/DCLK
                         clock pessimism              0.071    12.776    
                         clock uncertainty           -0.172    12.604    
    MMCME2_ADV_X1Y2      MMCME2_ADV (Setup_mmcme2_adv_DCLK_DI[3])
                                                     -1.622    10.982    u_clk_gen/mmcm_inst
  -------------------------------------------------------------------
                         required time                         10.982    
                         arrival time                         -10.644    
  -------------------------------------------------------------------
                         slack                                  0.337    

Slack (MET) :             1.664ns  (required time - arrival time)
  Source:                 u_mmcm_drp/drp_di_reg[6]/C
                            (rising edge-triggered cell FDRE clocked by clk100_unbuf  {rise@0.000ns fall@5.000ns period=10.000ns})
  Destination:            u_clk_gen/mmcm_inst/DI[6]
                            (rising edge-triggered cell MMCME2_ADV clocked by sys_clk_pin  {rise@0.000ns fall@5.000ns period=10.000ns})
  Path Group:             sys_clk_pin
  Path Type:              Setup (Max at Slow Process Corner)
  Requirement:            10.000ns  (sys_clk_pin rise@10.000ns - clk100_unbuf rise@0.000ns)
  Data Path Delay:        10.141ns  (logic 0.456ns (4.497%)  route 9.685ns (95.503%))
  Logic Levels:           0  
  Clock Path Skew:        3.599ns (DCD - SCD + CPR)
    Destination Clock Delay (DCD):    2.705ns = ( 12.705 - 10.000 ) 
    Source Clock Delay      (SCD):    -0.823ns
    Clock Pessimism Removal (CPR):    0.071ns
  Clock Uncertainty:      0.172ns  ((TSJ^2 + DJ^2)^1/2) / 2 + PE
    Total System Jitter     (TSJ):    0.071ns
    Discrete Jitter          (DJ):    0.129ns
    Phase Error              (PE):    0.099ns

    Location             Delay type                Incr(ns)  Path(ns)    Netlist Resource(s)
  -------------------------------------------------------------------    -------------------
                         (clock clk100_unbuf rise edge)
                                                      0.000     0.000 r  
    E3                                                0.000     0.000 r  CLK100MHZ (IN)
                         net (fo=0)                   0.000     0.000    CLK100MHZ
    E3                   IBUF (Prop_ibuf_I_O)         1.482     1.482 r  CLK100MHZ_IBUF_inst/O
                         net (fo=2, routed)           1.233     2.715    u_clk_gen/clk100mhz_in
    MMCME2_ADV_X1Y2      MMCME2_ADV (Prop_mmcme2_adv_CLKIN1_CLKOUT1)
                                                     -7.070    -4.355 r  u_clk_gen/mmcm_inst/CLKOUT1
                         net (fo=1, routed)           1.719    -2.636    u_clk_gen/clk100_unbuf
    BUFGCTRL_X0Y16       BUFG (Prop_bufg_I_O)         0.096    -2.540 r  u_clk_gen/bufg_100/O
                         net (fo=863, routed)         1.717    -0.823    u_mmcm_drp/clk100
    SLICE_X89Y100        FDRE                                         r  u_mmcm_drp/drp_di_reg[6]/C
  -------------------------------------------------------------------    -------------------
    SLICE_X89Y100        FDRE (Prop_fdre_C_Q)         0.456    -0.367 r  u_mmcm_drp/drp_di_reg[6]/Q
                         net (fo=1, routed)           9.685     9.318    u_clk_gen/Q[6]
    MMCME2_ADV_X1Y2      MMCME2_ADV                                   r  u_clk_gen/mmcm_inst/DI[6]
  -------------------------------------------------------------------    -------------------

                         (clock sys_clk_pin rise edge)
                                                     10.000    10.000 r  
    E3                                                0.000    10.000 r  CLK100MHZ (IN)
                         net (fo=0)                   0.000    10.000    CLK100MHZ
    E3                   IBUF (Prop_ibuf_I_O)         1.411    11.411 r  CLK100MHZ_IBUF_inst/O
                         net (fo=2, routed)           1.294    12.705    u_clk_gen/clk100mhz_in
    MMCME2_ADV_X1Y2      MMCME2_ADV                                   r  u_clk_gen/mmcm_inst/DCLK
                         clock pessimism              0.071    12.776    
                         clock uncertainty           -0.172    12.604    
    MMCME2_ADV_X1Y2      MMCME2_ADV (Setup_mmcme2_adv_DCLK_DI[6])
                                                     -1.622    10.982    u_clk_gen/mmcm_inst
  -------------------------------------------------------------------
                         required time                         10.982    
                         arrival time                          -9.318    
  -------------------------------------------------------------------
                         slack                                  1.664    

Slack (MET) :             2.052ns  (required time - arrival time)
  Source:                 u_mmcm_drp/drp_dwe_reg/C
                            (rising edge-triggered cell FDRE clocked by clk100_unbuf  {rise@0.000ns fall@5.000ns period=10.000ns})
  Destination:            u_clk_gen/mmcm_inst/DWE
                            (rising edge-triggered cell MMCME2_ADV clocked by sys_clk_pin  {rise@0.000ns fall@5.000ns period=10.000ns})
  Path Group:             sys_clk_pin
  Path Type:              Setup (Max at Slow Process Corner)
  Requirement:            10.000ns  (sys_clk_pin rise@10.000ns - clk100_unbuf rise@0.000ns)
  Data Path Delay:        9.753ns  (logic 0.456ns (4.676%)  route 9.297ns (95.324%))
  Logic Levels:           0  
  Clock Path Skew:        3.599ns (DCD - SCD + CPR)
    Destination Clock Delay (DCD):    2.705ns = ( 12.705 - 10.000 ) 
    Source Clock Delay      (SCD):    -0.823ns
    Clock Pessimism Removal (CPR):    0.071ns
  Clock Uncertainty:      0.172ns  ((TSJ^2 + DJ^2)^1/2) / 2 + PE
    Total System Jitter     (TSJ):    0.071ns
    Discrete Jitter          (DJ):    0.129ns
    Phase Error              (PE):    0.099ns

    Location             Delay type                Incr(ns)  Path(ns)    Netlist Resource(s)
  -------------------------------------------------------------------    -------------------
                         (clock clk100_unbuf rise edge)
                                                      0.000     0.000 r  
    E3                                                0.000     0.000 r  CLK100MHZ (IN)
                         net (fo=0)                   0.000     0.000    CLK100MHZ
    E3                   IBUF (Prop_ibuf_I_O)         1.482     1.482 r  CLK100MHZ_IBUF_inst/O
                         net (fo=2, routed)           1.233     2.715    u_clk_gen/clk100mhz_in
    MMCME2_ADV_X1Y2      MMCME2_ADV (Prop_mmcme2_adv_CLKIN1_CLKOUT1)
                                                     -7.070    -4.355 r  u_clk_gen/mmcm_inst/CLKOUT1
                         net (fo=1, routed)           1.719    -2.636    u_clk_gen/clk100_unbuf
    BUFGCTRL_X0Y16       BUFG (Prop_bufg_I_O)         0.096    -2.540 r  u_clk_gen/bufg_100/O
                         net (fo=863, routed)         1.717    -0.823    u_mmcm_drp/clk100
    SLICE_X89Y101        FDRE                                         r  u_mmcm_drp/drp_dwe_reg/C
  -------------------------------------------------------------------    -------------------
    SLICE_X89Y101        FDRE (Prop_fdre_C_Q)         0.456    -0.367 r  u_mmcm_drp/drp_dwe_reg/Q
                         net (fo=1, routed)           9.297     8.930    u_clk_gen/drp_dwe
    MMCME2_ADV_X1Y2      MMCME2_ADV                                   r  u_clk_gen/mmcm_inst/DWE
  -------------------------------------------------------------------    -------------------

                         (clock sys_clk_pin rise edge)
                                                     10.000    10.000 r  
    E3                                                0.000    10.000 r  CLK100MHZ (IN)
                         net (fo=0)                   0.000    10.000    CLK100MHZ
    E3                   IBUF (Prop_ibuf_I_O)         1.411    11.411 r  CLK100MHZ_IBUF_inst/O
                         net (fo=2, routed)           1.294    12.705    u_clk_gen/clk100mhz_in
    MMCME2_ADV_X1Y2      MMCME2_ADV                                   r  u_clk_gen/mmcm_inst/DCLK
                         clock pessimism              0.071    12.776    
                         clock uncertainty           -0.172    12.604    
    MMCME2_ADV_X1Y2      MMCME2_ADV (Setup_mmcme2_adv_DCLK_DWE)
                                                     -1.622    10.982    u_clk_gen/mmcm_inst
  -------------------------------------------------------------------
                         required time                         10.982    
                         arrival time                          -8.930    
  -------------------------------------------------------------------
                         slack                                  2.052    

Slack (MET) :             2.267ns  (required time - arrival time)
  Source:                 u_mmcm_drp/drp_di_reg[5]/C
                            (rising edge-triggered cell FDRE clocked by clk100_unbuf  {rise@0.000ns fall@5.000ns period=10.000ns})
  Destination:            u_clk_gen/mmcm_inst/DI[5]
                            (rising edge-triggered cell MMCME2_ADV clocked by sys_clk_pin  {rise@0.000ns fall@5.000ns period=10.000ns})
  Path Group:             sys_clk_pin
  Path Type:              Setup (Max at Slow Process Corner)
  Requirement:            10.000ns  (sys_clk_pin rise@10.000ns - clk100_unbuf rise@0.000ns)
  Data Path Delay:        9.365ns  (logic 0.478ns (5.104%)  route 8.887ns (94.896%))
  Logic Levels:           0  
  Clock Path Skew:        3.599ns (DCD - SCD + CPR)
    Destination Clock Delay (DCD):    2.705ns = ( 12.705 - 10.000 ) 
    Source Clock Delay      (SCD):    -0.823ns
    Clock Pessimism Removal (CPR):    0.071ns
  Clock Uncertainty:      0.172ns  ((TSJ^2 + DJ^2)^1/2) / 2 + PE
    Total System Jitter     (TSJ):    0.071ns
    Discrete Jitter          (DJ):    0.129ns
    Phase Error              (PE):    0.099ns

    Location             Delay type                Incr(ns)  Path(ns)    Netlist Resource(s)
  -------------------------------------------------------------------    -------------------
                         (clock clk100_unbuf rise edge)
                                                      0.000     0.000 r  
    E3                                                0.000     0.000 r  CLK100MHZ (IN)
                         net (fo=0)                   0.000     0.000    CLK100MHZ
    E3                   IBUF (Prop_ibuf_I_O)         1.482     1.482 r  CLK100MHZ_IBUF_inst/O
                         net (fo=2, routed)           1.233     2.715    u_clk_gen/clk100mhz_in
    MMCME2_ADV_X1Y2      MMCME2_ADV (Prop_mmcme2_adv_CLKIN1_CLKOUT1)
                                                     -7.070    -4.355 r  u_clk_gen/mmcm_inst/CLKOUT1
                         net (fo=1, routed)           1.719    -2.636    u_clk_gen/clk100_unbuf
    BUFGCTRL_X0Y16       BUFG (Prop_bufg_I_O)         0.096    -2.540 r  u_clk_gen/bufg_100/O
                         net (fo=863, routed)         1.717    -0.823    u_mmcm_drp/clk100
    SLICE_X88Y100        FDRE                                         r  u_mmcm_drp/drp_di_reg[5]/C
  -------------------------------------------------------------------    -------------------
    SLICE_X88Y100        FDRE (Prop_fdre_C_Q)         0.478    -0.345 r  u_mmcm_drp/drp_di_reg[5]/Q
                         net (fo=1, routed)           8.887     8.542    u_clk_gen/Q[5]
    MMCME2_ADV_X1Y2      MMCME2_ADV                                   r  u_clk_gen/mmcm_inst/DI[5]
  -------------------------------------------------------------------    -------------------

                         (clock sys_clk_pin rise edge)
                                                     10.000    10.000 r  
    E3                                                0.000    10.000 r  CLK100MHZ (IN)
                         net (fo=0)                   0.000    10.000    CLK100MHZ
    E3                   IBUF (Prop_ibuf_I_O)         1.411    11.411 r  CLK100MHZ_IBUF_inst/O
                         net (fo=2, routed)           1.294    12.705    u_clk_gen/clk100mhz_in
    MMCME2_ADV_X1Y2      MMCME2_ADV                                   r  u_clk_gen/mmcm_inst/DCLK
                         clock pessimism              0.071    12.776    
                         clock uncertainty           -0.172    12.604    
    MMCME2_ADV_X1Y2      MMCME2_ADV (Setup_mmcme2_adv_DCLK_DI[5])
                                                     -1.794    10.810    u_clk_gen/mmcm_inst
  -------------------------------------------------------------------
                         required time                         10.810    
                         arrival time                          -8.542    
  -------------------------------------------------------------------
                         slack                                  2.267    

Slack (MET) :             2.361ns  (required time - arrival time)
  Source:                 u_mmcm_drp/drp_di_reg[1]/C
                            (rising edge-triggered cell FDRE clocked by clk100_unbuf  {rise@0.000ns fall@5.000ns period=10.000ns})
  Destination:            u_clk_gen/mmcm_inst/DI[1]
                            (rising edge-triggered cell MMCME2_ADV clocked by sys_clk_pin  {rise@0.000ns fall@5.000ns period=10.000ns})
  Path Group:             sys_clk_pin
  Path Type:              Setup (Max at Slow Process Corner)
  Requirement:            10.000ns  (sys_clk_pin rise@10.000ns - clk100_unbuf rise@0.000ns)
  Data Path Delay:        9.273ns  (logic 0.478ns (5.155%)  route 8.795ns (94.845%))
  Logic Levels:           0  
  Clock Path Skew:        3.599ns (DCD - SCD + CPR)
    Destination Clock Delay (DCD):    2.705ns = ( 12.705 - 10.000 ) 
    Source Clock Delay      (SCD):    -0.823ns
    Clock Pessimism Removal (CPR):    0.071ns
  Clock Uncertainty:      0.172ns  ((TSJ^2 + DJ^2)^1/2) / 2 + PE
    Total System Jitter     (TSJ):    0.071ns
    Discrete Jitter          (DJ):    0.129ns
    Phase Error              (PE):    0.099ns

    Location             Delay type                Incr(ns)  Path(ns)    Netlist Resource(s)
  -------------------------------------------------------------------    -------------------
                         (clock clk100_unbuf rise edge)
                                                      0.000     0.000 r  
    E3                                                0.000     0.000 r  CLK100MHZ (IN)
                         net (fo=0)                   0.000     0.000    CLK100MHZ
    E3                   IBUF (Prop_ibuf_I_O)         1.482     1.482 r  CLK100MHZ_IBUF_inst/O
                         net (fo=2, routed)           1.233     2.715    u_clk_gen/clk100mhz_in
    MMCME2_ADV_X1Y2      MMCME2_ADV (Prop_mmcme2_adv_CLKIN1_CLKOUT1)
                                                     -7.070    -4.355 r  u_clk_gen/mmcm_inst/CLKOUT1
                         net (fo=1, routed)           1.719    -2.636    u_clk_gen/clk100_unbuf
    BUFGCTRL_X0Y16       BUFG (Prop_bufg_I_O)         0.096    -2.540 r  u_clk_gen/bufg_100/O
                         net (fo=863, routed)         1.717    -0.823    u_mmcm_drp/clk100
    SLICE_X88Y100        FDRE                                         r  u_mmcm_drp/drp_di_reg[1]/C
  -------------------------------------------------------------------    -------------------
    SLICE_X88Y100        FDRE (Prop_fdre_C_Q)         0.478    -0.345 r  u_mmcm_drp/drp_di_reg[1]/Q
                         net (fo=1, routed)           8.795     8.450    u_clk_gen/Q[1]
    MMCME2_ADV_X1Y2      MMCME2_ADV                                   r  u_clk_gen/mmcm_inst/DI[1]
  -------------------------------------------------------------------    -------------------

                         (clock sys_clk_pin rise edge)
                                                     10.000    10.000 r  
    E3                                                0.000    10.000 r  CLK100MHZ (IN)
                         net (fo=0)                   0.000    10.000    CLK100MHZ
    E3                   IBUF (Prop_ibuf_I_O)         1.411    11.411 r  CLK100MHZ_IBUF_inst/O
                         net (fo=2, routed)           1.294    12.705    u_clk_gen/clk100mhz_in
    MMCME2_ADV_X1Y2      MMCME2_ADV                                   r  u_clk_gen/mmcm_inst/DCLK
                         clock pessimism              0.071    12.776    
                         clock uncertainty           -0.172    12.604    
    MMCME2_ADV_X1Y2      MMCME2_ADV (Setup_mmcme2_adv_DCLK_DI[1])
                                                     -1.793    10.811    u_clk_gen/mmcm_inst
  -------------------------------------------------------------------
                         required time                         10.811    
                         arrival time                          -8.450    
  -------------------------------------------------------------------
                         slack                                  2.361    

Slack (MET) :             2.397ns  (required time - arrival time)
  Source:                 u_mmcm_drp/drp_di_reg[0]/C
                            (rising edge-triggered cell FDRE clocked by clk100_unbuf  {rise@0.000ns fall@5.000ns period=10.000ns})
  Destination:            u_clk_gen/mmcm_inst/DI[0]
                            (rising edge-triggered cell MMCME2_ADV clocked by sys_clk_pin  {rise@0.000ns fall@5.000ns period=10.000ns})
  Path Group:             sys_clk_pin
  Path Type:              Setup (Max at Slow Process Corner)
  Requirement:            10.000ns  (sys_clk_pin rise@10.000ns - clk100_unbuf rise@0.000ns)
  Data Path Delay:        9.408ns  (logic 0.518ns (5.506%)  route 8.890ns (94.494%))
  Logic Levels:           0  
  Clock Path Skew:        3.599ns (DCD - SCD + CPR)
    Destination Clock Delay (DCD):    2.705ns = ( 12.705 - 10.000 ) 
    Source Clock Delay      (SCD):    -0.823ns
    Clock Pessimism Removal (CPR):    0.071ns
  Clock Uncertainty:      0.172ns  ((TSJ^2 + DJ^2)^1/2) / 2 + PE
    Total System Jitter     (TSJ):    0.071ns
    Discrete Jitter          (DJ):    0.129ns
    Phase Error              (PE):    0.099ns

    Location             Delay type                Incr(ns)  Path(ns)    Netlist Resource(s)
  -------------------------------------------------------------------    -------------------
                         (clock clk100_unbuf rise edge)
                                                      0.000     0.000 r  
    E3                                                0.000     0.000 r  CLK100MHZ (IN)
                         net (fo=0)                   0.000     0.000    CLK100MHZ
    E3                   IBUF (Prop_ibuf_I_O)         1.482     1.482 r  CLK100MHZ_IBUF_inst/O
                         net (fo=2, routed)           1.233     2.715    u_clk_gen/clk100mhz_in
    MMCME2_ADV_X1Y2      MMCME2_ADV (Prop_mmcme2_adv_CLKIN1_CLKOUT1)
                                                     -7.070    -4.355 r  u_clk_gen/mmcm_inst/CLKOUT1
                         net (fo=1, routed)           1.719    -2.636    u_clk_gen/clk100_unbuf
    BUFGCTRL_X0Y16       BUFG (Prop_bufg_I_O)         0.096    -2.540 r  u_clk_gen/bufg_100/O
                         net (fo=863, routed)         1.717    -0.823    u_mmcm_drp/clk100
    SLICE_X88Y100        FDRE                                         r  u_mmcm_drp/drp_di_reg[0]/C
  -------------------------------------------------------------------    -------------------
    SLICE_X88Y100        FDRE (Prop_fdre_C_Q)         0.518    -0.305 r  u_mmcm_drp/drp_di_reg[0]/Q
                         net (fo=1, routed)           8.890     8.585    u_clk_gen/Q[0]
    MMCME2_ADV_X1Y2      MMCME2_ADV                                   r  u_clk_gen/mmcm_inst/DI[0]
  -------------------------------------------------------------------    -------------------

                         (clock sys_clk_pin rise edge)
                                                     10.000    10.000 r  
    E3                                                0.000    10.000 r  CLK100MHZ (IN)
                         net (fo=0)                   0.000    10.000    CLK100MHZ
    E3                   IBUF (Prop_ibuf_I_O)         1.411    11.411 r  CLK100MHZ_IBUF_inst/O
                         net (fo=2, routed)           1.294    12.705    u_clk_gen/clk100mhz_in
    MMCME2_ADV_X1Y2      MMCME2_ADV                                   r  u_clk_gen/mmcm_inst/DCLK
                         clock pessimism              0.071    12.776    
                         clock uncertainty           -0.172    12.604    
    MMCME2_ADV_X1Y2      MMCME2_ADV (Setup_mmcme2_adv_DCLK_DI[0])
                                                     -1.622    10.982    u_clk_gen/mmcm_inst
  -------------------------------------------------------------------
                         required time                         10.982    
                         arrival time                          -8.585    
  -------------------------------------------------------------------
                         slack                                  2.397    

Slack (MET) :             2.519ns  (required time - arrival time)
  Source:                 u_mmcm_drp/drp_di_reg[7]/C
                            (rising edge-triggered cell FDRE clocked by clk100_unbuf  {rise@0.000ns fall@5.000ns period=10.000ns})
  Destination:            u_clk_gen/mmcm_inst/DI[7]
                            (rising edge-triggered cell MMCME2_ADV clocked by sys_clk_pin  {rise@0.000ns fall@5.000ns period=10.000ns})
  Path Group:             sys_clk_pin
  Path Type:              Setup (Max at Slow Process Corner)
  Requirement:            10.000ns  (sys_clk_pin rise@10.000ns - clk100_unbuf rise@0.000ns)
  Data Path Delay:        9.111ns  (logic 0.419ns (4.599%)  route 8.692ns (95.401%))
  Logic Levels:           0  
  Clock Path Skew:        3.599ns (DCD - SCD + CPR)
    Destination Clock Delay (DCD):    2.705ns = ( 12.705 - 10.000 ) 
    Source Clock Delay      (SCD):    -0.823ns
    Clock Pessimism Removal (CPR):    0.071ns
  Clock Uncertainty:      0.172ns  ((TSJ^2 + DJ^2)^1/2) / 2 + PE
    Total System Jitter     (TSJ):    0.071ns
    Discrete Jitter          (DJ):    0.129ns
    Phase Error              (PE):    0.099ns

    Location             Delay type                Incr(ns)  Path(ns)    Netlist Resource(s)
  -------------------------------------------------------------------    -------------------
                         (clock clk100_unbuf rise edge)
                                                      0.000     0.000 r  
    E3                                                0.000     0.000 r  CLK100MHZ (IN)
                         net (fo=0)                   0.000     0.000    CLK100MHZ
    E3                   IBUF (Prop_ibuf_I_O)         1.482     1.482 r  CLK100MHZ_IBUF_inst/O
                         net (fo=2, routed)           1.233     2.715    u_clk_gen/clk100mhz_in
    MMCME2_ADV_X1Y2      MMCME2_ADV (Prop_mmcme2_adv_CLKIN1_CLKOUT1)
                                                     -7.070    -4.355 r  u_clk_gen/mmcm_inst/CLKOUT1
                         net (fo=1, routed)           1.719    -2.636    u_clk_gen/clk100_unbuf
    BUFGCTRL_X0Y16       BUFG (Prop_bufg_I_O)         0.096    -2.540 r  u_clk_gen/bufg_100/O
                         net (fo=863, routed)         1.717    -0.823    u_mmcm_drp/clk100
    SLICE_X89Y100        FDRE                                         r  u_mmcm_drp/drp_di_reg[7]/C
  -------------------------------------------------------------------    -------------------
    SLICE_X89Y100        FDRE (Prop_fdre_C_Q)         0.419    -0.404 r  u_mmcm_drp/drp_di_reg[7]/Q
                         net (fo=1, routed)           8.692     8.288    u_clk_gen/Q[7]
    MMCME2_ADV_X1Y2      MMCME2_ADV                                   r  u_clk_gen/mmcm_inst/DI[7]
  -------------------------------------------------------------------    -------------------

                         (clock sys_clk_pin rise edge)
                                                     10.000    10.000 r  
    E3                                                0.000    10.000 r  CLK100MHZ (IN)
                         net (fo=0)                   0.000    10.000    CLK100MHZ
    E3                   IBUF (Prop_ibuf_I_O)         1.411    11.411 r  CLK100MHZ_IBUF_inst/O
                         net (fo=2, routed)           1.294    12.705    u_clk_gen/clk100mhz_in
    MMCME2_ADV_X1Y2      MMCME2_ADV                                   r  u_clk_gen/mmcm_inst/DCLK
                         clock pessimism              0.071    12.776    
                         clock uncertainty           -0.172    12.604    
    MMCME2_ADV_X1Y2      MMCME2_ADV (Setup_mmcme2_adv_DCLK_DI[7])
                                                     -1.797    10.807    u_clk_gen/mmcm_inst
  -------------------------------------------------------------------
                         required time                         10.807    
                         arrival time                          -8.288    
  -------------------------------------------------------------------
                         slack                                  2.519    

Slack (MET) :             3.350ns  (required time - arrival time)
  Source:                 u_mmcm_drp/drp_di_reg[4]/C
                            (rising edge-triggered cell FDRE clocked by clk100_unbuf  {rise@0.000ns fall@5.000ns period=10.000ns})
  Destination:            u_clk_gen/mmcm_inst/DI[4]
                            (rising edge-triggered cell MMCME2_ADV clocked by sys_clk_pin  {rise@0.000ns fall@5.000ns period=10.000ns})
  Path Group:             sys_clk_pin
  Path Type:              Setup (Max at Slow Process Corner)
  Requirement:            10.000ns  (sys_clk_pin rise@10.000ns - clk100_unbuf rise@0.000ns)
  Data Path Delay:        8.278ns  (logic 0.478ns (5.775%)  route 7.800ns (94.225%))
  Logic Levels:           0  
  Clock Path Skew:        3.599ns (DCD - SCD + CPR)
    Destination Clock Delay (DCD):    2.705ns = ( 12.705 - 10.000 ) 
    Source Clock Delay      (SCD):    -0.823ns
    Clock Pessimism Removal (CPR):    0.071ns
  Clock Uncertainty:      0.172ns  ((TSJ^2 + DJ^2)^1/2) / 2 + PE
    Total System Jitter     (TSJ):    0.071ns
    Discrete Jitter          (DJ):    0.129ns
    Phase Error              (PE):    0.099ns

    Location             Delay type                Incr(ns)  Path(ns)    Netlist Resource(s)
  -------------------------------------------------------------------    -------------------
                         (clock clk100_unbuf rise edge)
                                                      0.000     0.000 r  
    E3                                                0.000     0.000 r  CLK100MHZ (IN)
                         net (fo=0)                   0.000     0.000    CLK100MHZ
    E3                   IBUF (Prop_ibuf_I_O)         1.482     1.482 r  CLK100MHZ_IBUF_inst/O
                         net (fo=2, routed)           1.233     2.715    u_clk_gen/clk100mhz_in
    MMCME2_ADV_X1Y2      MMCME2_ADV (Prop_mmcme2_adv_CLKIN1_CLKOUT1)
                                                     -7.070    -4.355 r  u_clk_gen/mmcm_inst/CLKOUT1
                         net (fo=1, routed)           1.719    -2.636    u_clk_gen/clk100_unbuf
    BUFGCTRL_X0Y16       BUFG (Prop_bufg_I_O)         0.096    -2.540 r  u_clk_gen/bufg_100/O
                         net (fo=863, routed)         1.717    -0.823    u_mmcm_drp/clk100
    SLICE_X88Y100        FDRE                                         r  u_mmcm_drp/drp_di_reg[4]/C
  -------------------------------------------------------------------    -------------------
    SLICE_X88Y100        FDRE (Prop_fdre_C_Q)         0.478    -0.345 r  u_mmcm_drp/drp_di_reg[4]/Q
                         net (fo=1, routed)           7.800     7.454    u_clk_gen/Q[4]
    MMCME2_ADV_X1Y2      MMCME2_ADV                                   r  u_clk_gen/mmcm_inst/DI[4]
  -------------------------------------------------------------------    -------------------

                         (clock sys_clk_pin rise edge)
                                                     10.000    10.000 r  
    E3                                                0.000    10.000 r  CLK100MHZ (IN)
                         net (fo=0)                   0.000    10.000    CLK100MHZ
    E3                   IBUF (Prop_ibuf_I_O)         1.411    11.411 r  CLK100MHZ_IBUF_inst/O
                         net (fo=2, routed)           1.294    12.705    u_clk_gen/clk100mhz_in
    MMCME2_ADV_X1Y2      MMCME2_ADV                                   r  u_clk_gen/mmcm_inst/DCLK
                         clock pessimism              0.071    12.776    
                         clock uncertainty           -0.172    12.604    
    MMCME2_ADV_X1Y2      MMCME2_ADV (Setup_mmcme2_adv_DCLK_DI[4])
                                                     -1.799    10.805    u_clk_gen/mmcm_inst
  -------------------------------------------------------------------
                         required time                         10.805    
                         arrival time                          -7.454    
  -------------------------------------------------------------------
                         slack                                  3.350    

Slack (MET) :             3.367ns  (required time - arrival time)
  Source:                 u_mmcm_drp/drp_di_reg[2]/C
                            (rising edge-triggered cell FDRE clocked by clk100_unbuf  {rise@0.000ns fall@5.000ns period=10.000ns})
  Destination:            u_clk_gen/mmcm_inst/DI[2]
                            (rising edge-triggered cell MMCME2_ADV clocked by sys_clk_pin  {rise@0.000ns fall@5.000ns period=10.000ns})
  Path Group:             sys_clk_pin
  Path Type:              Setup (Max at Slow Process Corner)
  Requirement:            10.000ns  (sys_clk_pin rise@10.000ns - clk100_unbuf rise@0.000ns)
  Data Path Delay:        8.438ns  (logic 0.518ns (6.139%)  route 7.920ns (93.861%))
  Logic Levels:           0  
  Clock Path Skew:        3.599ns (DCD - SCD + CPR)
    Destination Clock Delay (DCD):    2.705ns = ( 12.705 - 10.000 ) 
    Source Clock Delay      (SCD):    -0.823ns
    Clock Pessimism Removal (CPR):    0.071ns
  Clock Uncertainty:      0.172ns  ((TSJ^2 + DJ^2)^1/2) / 2 + PE
    Total System Jitter     (TSJ):    0.071ns
    Discrete Jitter          (DJ):    0.129ns
    Phase Error              (PE):    0.099ns

    Location             Delay type                Incr(ns)  Path(ns)    Netlist Resource(s)
  -------------------------------------------------------------------    -------------------
                         (clock clk100_unbuf rise edge)
                                                      0.000     0.000 r  
    E3                                                0.000     0.000 r  CLK100MHZ (IN)
                         net (fo=0)                   0.000     0.000    CLK100MHZ
    E3                   IBUF (Prop_ibuf_I_O)         1.482     1.482 r  CLK100MHZ_IBUF_inst/O
                         net (fo=2, routed)           1.233     2.715    u_clk_gen/clk100mhz_in
    MMCME2_ADV_X1Y2      MMCME2_ADV (Prop_mmcme2_adv_CLKIN1_CLKOUT1)
                                                     -7.070    -4.355 r  u_clk_gen/mmcm_inst/CLKOUT1
                         net (fo=1, routed)           1.719    -2.636    u_clk_gen/clk100_unbuf
    BUFGCTRL_X0Y16       BUFG (Prop_bufg_I_O)         0.096    -2.540 r  u_clk_gen/bufg_100/O
                         net (fo=863, routed)         1.717    -0.823    u_mmcm_drp/clk100
    SLICE_X88Y100        FDRE                                         r  u_mmcm_drp/drp_di_reg[2]/C
  -------------------------------------------------------------------    -------------------
    SLICE_X88Y100        FDRE (Prop_fdre_C_Q)         0.518    -0.305 r  u_mmcm_drp/drp_di_reg[2]/Q
                         net (fo=1, routed)           7.920     7.614    u_clk_gen/Q[2]
    MMCME2_ADV_X1Y2      MMCME2_ADV                                   r  u_clk_gen/mmcm_inst/DI[2]
  -------------------------------------------------------------------    -------------------

                         (clock sys_clk_pin rise edge)
                                                     10.000    10.000 r  
    E3                                                0.000    10.000 r  CLK100MHZ (IN)
                         net (fo=0)                   0.000    10.000    CLK100MHZ
    E3                   IBUF (Prop_ibuf_I_O)         1.411    11.411 r  CLK100MHZ_IBUF_inst/O
                         net (fo=2, routed)           1.294    12.705    u_clk_gen/clk100mhz_in
    MMCME2_ADV_X1Y2      MMCME2_ADV                                   r  u_clk_gen/mmcm_inst/DCLK
                         clock pessimism              0.071    12.776    
                         clock uncertainty           -0.172    12.604    
    MMCME2_ADV_X1Y2      MMCME2_ADV (Setup_mmcme2_adv_DCLK_DI[2])
                                                     -1.622    10.982    u_clk_gen/mmcm_inst
  -------------------------------------------------------------------
                         required time                         10.982    
                         arrival time                          -7.614    
  -------------------------------------------------------------------
                         slack                                  3.367    

Slack (MET) :             3.911ns  (required time - arrival time)
  Source:                 u_mmcm_drp/drp_daddr_reg[3]/C
                            (rising edge-triggered cell FDRE clocked by clk100_unbuf  {rise@0.000ns fall@5.000ns period=10.000ns})
  Destination:            u_clk_gen/mmcm_inst/DADDR[3]
                            (rising edge-triggered cell MMCME2_ADV clocked by sys_clk_pin  {rise@0.000ns fall@5.000ns period=10.000ns})
  Path Group:             sys_clk_pin
  Path Type:              Setup (Max at Slow Process Corner)
  Requirement:            10.000ns  (sys_clk_pin rise@10.000ns - clk100_unbuf rise@0.000ns)
  Data Path Delay:        7.894ns  (logic 0.456ns (5.777%)  route 7.438ns (94.223%))
  Logic Levels:           0  
  Clock Path Skew:        3.599ns (DCD - SCD + CPR)
    Destination Clock Delay (DCD):    2.705ns = ( 12.705 - 10.000 ) 
    Source Clock Delay      (SCD):    -0.823ns
    Clock Pessimism Removal (CPR):    0.071ns
  Clock Uncertainty:      0.172ns  ((TSJ^2 + DJ^2)^1/2) / 2 + PE
    Total System Jitter     (TSJ):    0.071ns
    Discrete Jitter          (DJ):    0.129ns
    Phase Error              (PE):    0.099ns

    Location             Delay type                Incr(ns)  Path(ns)    Netlist Resource(s)
  -------------------------------------------------------------------    -------------------
                         (clock clk100_unbuf rise edge)
                                                      0.000     0.000 r  
    E3                                                0.000     0.000 r  CLK100MHZ (IN)
                         net (fo=0)                   0.000     0.000    CLK100MHZ
    E3                   IBUF (Prop_ibuf_I_O)         1.482     1.482 r  CLK100MHZ_IBUF_inst/O
                         net (fo=2, routed)           1.233     2.715    u_clk_gen/clk100mhz_in
    MMCME2_ADV_X1Y2      MMCME2_ADV (Prop_mmcme2_adv_CLKIN1_CLKOUT1)
                                                     -7.070    -4.355 r  u_clk_gen/mmcm_inst/CLKOUT1
                         net (fo=1, routed)           1.719    -2.636    u_clk_gen/clk100_unbuf
    BUFGCTRL_X0Y16       BUFG (Prop_bufg_I_O)         0.096    -2.540 r  u_clk_gen/bufg_100/O
                         net (fo=863, routed)         1.717    -0.823    u_mmcm_drp/clk100
    SLICE_X89Y102        FDRE                                         r  u_mmcm_drp/drp_daddr_reg[3]/C
  -------------------------------------------------------------------    -------------------
    SLICE_X89Y102        FDRE (Prop_fdre_C_Q)         0.456    -0.367 r  u_mmcm_drp/drp_daddr_reg[3]/Q
                         net (fo=2, routed)           7.438     7.071    u_clk_gen/drp_daddr[0]
    MMCME2_ADV_X1Y2      MMCME2_ADV                                   r  u_clk_gen/mmcm_inst/DADDR[3]
  -------------------------------------------------------------------    -------------------

                         (clock sys_clk_pin rise edge)
                                                     10.000    10.000 r  
    E3                                                0.000    10.000 r  CLK100MHZ (IN)
                         net (fo=0)                   0.000    10.000    CLK100MHZ
    E3                   IBUF (Prop_ibuf_I_O)         1.411    11.411 r  CLK100MHZ_IBUF_inst/O
                         net (fo=2, routed)           1.294    12.705    u_clk_gen/clk100mhz_in
    MMCME2_ADV_X1Y2      MMCME2_ADV                                   r  u_clk_gen/mmcm_inst/DCLK
                         clock pessimism              0.071    12.776    
                         clock uncertainty           -0.172    12.604    
    MMCME2_ADV_X1Y2      MMCME2_ADV (Setup_mmcme2_adv_DCLK_DADDR[3])
                                                     -1.622    10.982    u_clk_gen/mmcm_inst
  -------------------------------------------------------------------
                         required time                         10.982    
                         arrival time                          -7.071    
  -------------------------------------------------------------------
                         slack                                  3.911    





Min Delay Paths
--------------------------------------------------------------------------------------
Slack (MET) :             1.609ns  (arrival time - required time)
  Source:                 u_mmcm_drp/drp_den_reg/C
                            (rising edge-triggered cell FDRE clocked by clk100_unbuf  {rise@0.000ns fall@5.000ns period=10.000ns})
  Destination:            u_clk_gen/mmcm_inst/DEN
                            (rising edge-triggered cell MMCME2_ADV clocked by sys_clk_pin  {rise@0.000ns fall@5.000ns period=10.000ns})
  Path Group:             sys_clk_pin
  Path Type:              Hold (Min at Slow Process Corner)
  Requirement:            0.000ns  (sys_clk_pin rise@0.000ns - clk100_unbuf rise@0.000ns)
  Data Path Delay:        6.148ns  (logic 0.367ns (5.969%)  route 5.781ns (94.031%))
  Logic Levels:           0  
  Clock Path Skew:        4.367ns (DCD - SCD - CPR)
    Destination Clock Delay (DCD):    3.014ns
    Source Clock Delay      (SCD):    -1.424ns
    Clock Pessimism Removal (CPR):    0.071ns
  Clock Uncertainty:      0.172ns  ((TSJ^2 + DJ^2)^1/2) / 2 + PE
    Total System Jitter     (TSJ):    0.071ns
    Discrete Jitter          (DJ):    0.129ns
    Phase Error              (PE):    0.099ns

    Location             Delay type                Incr(ns)  Path(ns)    Netlist Resource(s)
  -------------------------------------------------------------------    -------------------
                         (clock clk100_unbuf rise edge)
                                                      0.000     0.000 r  
    E3                                                0.000     0.000 r  CLK100MHZ (IN)
                         net (fo=0)                   0.000     0.000    CLK100MHZ
    E3                   IBUF (Prop_ibuf_I_O)         1.411     1.411 r  CLK100MHZ_IBUF_inst/O
                         net (fo=2, routed)           1.162     2.573    u_clk_gen/clk100mhz_in
    MMCME2_ADV_X1Y2      MMCME2_ADV (Prop_mmcme2_adv_CLKIN1_CLKOUT1)
                                                     -7.324    -4.751 r  u_clk_gen/mmcm_inst/CLKOUT1
                         net (fo=1, routed)           1.639    -3.112    u_clk_gen/clk100_unbuf
    BUFGCTRL_X0Y16       BUFG (Prop_bufg_I_O)         0.091    -3.021 r  u_clk_gen/bufg_100/O
                         net (fo=863, routed)         1.597    -1.424    u_mmcm_drp/clk100
    SLICE_X89Y101        FDRE                                         r  u_mmcm_drp/drp_den_reg/C
  -------------------------------------------------------------------    -------------------
    SLICE_X89Y101        FDRE (Prop_fdre_C_Q)         0.367    -1.057 r  u_mmcm_drp/drp_den_reg/Q
                         net (fo=1, routed)           5.781     4.724    u_clk_gen/drp_den
    MMCME2_ADV_X1Y2      MMCME2_ADV                                   r  u_clk_gen/mmcm_inst/DEN
  -------------------------------------------------------------------    -------------------

                         (clock sys_clk_pin rise edge)
                                                      0.000     0.000 r  
    E3                                                0.000     0.000 r  CLK100MHZ (IN)
                         net (fo=0)                   0.000     0.000    CLK100MHZ
    E3                   IBUF (Prop_ibuf_I_O)         1.482     1.482 r  CLK100MHZ_IBUF_inst/O
                         net (fo=2, routed)           1.532     3.014    u_clk_gen/clk100mhz_in
    MMCME2_ADV_X1Y2      MMCME2_ADV                                   r  u_clk_gen/mmcm_inst/DCLK
                         clock pessimism             -0.071     2.943    
                         clock uncertainty            0.172     3.115    
    MMCME2_ADV_X1Y2      MMCME2_ADV (Hold_mmcme2_adv_DCLK_DEN)
                                                      0.000     3.115    u_clk_gen/mmcm_inst
  -------------------------------------------------------------------
                         required time                         -3.115    
                         arrival time                           4.724    
  -------------------------------------------------------------------
                         slack                                  1.609    

Slack (MET) :             1.704ns  (arrival time - required time)
  Source:                 u_mmcm_drp/drp_di_reg[12]/C
                            (rising edge-triggered cell FDRE clocked by clk100_unbuf  {rise@0.000ns fall@5.000ns period=10.000ns})
  Destination:            u_clk_gen/mmcm_inst/DI[12]
                            (rising edge-triggered cell MMCME2_ADV clocked by sys_clk_pin  {rise@0.000ns fall@5.000ns period=10.000ns})
  Path Group:             sys_clk_pin
  Path Type:              Hold (Min at Fast Process Corner)
  Requirement:            0.000ns  (sys_clk_pin rise@0.000ns - clk100_unbuf rise@0.000ns)
  Data Path Delay:        3.517ns  (logic 0.141ns (4.009%)  route 3.376ns (95.991%))
  Logic Levels:           0  
  Clock Path Skew:        1.491ns (DCD - SCD - CPR)
    Destination Clock Delay (DCD):    1.117ns
    Source Clock Delay      (SCD):    -0.562ns
    Clock Pessimism Removal (CPR):    0.188ns
  Clock Uncertainty:      0.172ns  ((TSJ^2 + DJ^2)^1/2) / 2 + PE
    Total System Jitter     (TSJ):    0.071ns
    Discrete Jitter          (DJ):    0.129ns
    Phase Error              (PE):    0.099ns

    Location             Delay type                Incr(ns)  Path(ns)    Netlist Resource(s)
  -------------------------------------------------------------------    -------------------
                         (clock clk100_unbuf rise edge)
                                                      0.000     0.000 r  
    E3                                                0.000     0.000 r  CLK100MHZ (IN)
                         net (fo=0)                   0.000     0.000    CLK100MHZ
    E3                   IBUF (Prop_ibuf_I_O)         0.250     0.250 r  CLK100MHZ_IBUF_inst/O
                         net (fo=2, routed)           0.440     0.690    u_clk_gen/clk100mhz_in
    MMCME2_ADV_X1Y2      MMCME2_ADV (Prop_mmcme2_adv_CLKIN1_CLKOUT1)
                                                     -2.379    -1.689 r  u_clk_gen/mmcm_inst/CLKOUT1
                         net (fo=1, routed)           0.499    -1.190    u_clk_gen/clk100_unbuf
    BUFGCTRL_X0Y16       BUFG (Prop_bufg_I_O)         0.026    -1.164 r  u_clk_gen/bufg_100/O
                         net (fo=863, routed)         0.602    -0.562    u_mmcm_drp/clk100
    SLICE_X89Y100        FDRE                                         r  u_mmcm_drp/drp_di_reg[12]/C
  -------------------------------------------------------------------    -------------------
    SLICE_X89Y100        FDRE (Prop_fdre_C_Q)         0.141    -0.421 r  u_mmcm_drp/drp_di_reg[12]/Q
                         net (fo=1, routed)           3.376     2.955    u_clk_gen/Q[8]
    MMCME2_ADV_X1Y2      MMCME2_ADV                                   r  u_clk_gen/mmcm_inst/DI[12]
  -------------------------------------------------------------------    -------------------

                         (clock sys_clk_pin rise edge)
                                                      0.000     0.000 r  
    E3                                                0.000     0.000 r  CLK100MHZ (IN)
                         net (fo=0)                   0.000     0.000    CLK100MHZ
    E3                   IBUF (Prop_ibuf_I_O)         0.438     0.438 r  CLK100MHZ_IBUF_inst/O
                         net (fo=2, routed)           0.679     1.117    u_clk_gen/clk100mhz_in
    MMCME2_ADV_X1Y2      MMCME2_ADV                                   r  u_clk_gen/mmcm_inst/DCLK
                         clock pessimism             -0.188     0.929    
                         clock uncertainty            0.172     1.101    
    MMCME2_ADV_X1Y2      MMCME2_ADV (Hold_mmcme2_adv_DCLK_DI[12])
                                                      0.150     1.251    u_clk_gen/mmcm_inst
  -------------------------------------------------------------------
                         required time                         -1.251    
                         arrival time                           2.955    
  -------------------------------------------------------------------
                         slack                                  1.704    

Slack (MET) :             1.806ns  (arrival time - required time)
  Source:                 u_mmcm_drp/drp_daddr_reg[3]/C
                            (rising edge-triggered cell FDRE clocked by clk100_unbuf  {rise@0.000ns fall@5.000ns period=10.000ns})
  Destination:            u_clk_gen/mmcm_inst/DADDR[3]
                            (rising edge-triggered cell MMCME2_ADV clocked by sys_clk_pin  {rise@0.000ns fall@5.000ns period=10.000ns})
  Path Group:             sys_clk_pin
  Path Type:              Hold (Min at Fast Process Corner)
  Requirement:            0.000ns  (sys_clk_pin rise@0.000ns - clk100_unbuf rise@0.000ns)
  Data Path Delay:        3.619ns  (logic 0.141ns (3.896%)  route 3.478ns (96.104%))
  Logic Levels:           0  
  Clock Path Skew:        1.491ns (DCD - SCD - CPR)
    Destination Clock Delay (DCD):    1.117ns
    Source Clock Delay      (SCD):    -0.562ns
    Clock Pessimism Removal (CPR):    0.188ns
  Clock Uncertainty:      0.172ns  ((TSJ^2 + DJ^2)^1/2) / 2 + PE
    Total System Jitter     (TSJ):    0.071ns
    Discrete Jitter          (DJ):    0.129ns
    Phase Error              (PE):    0.099ns

    Location             Delay type                Incr(ns)  Path(ns)    Netlist Resource(s)
  -------------------------------------------------------------------    -------------------
                         (clock clk100_unbuf rise edge)
                                                      0.000     0.000 r  
    E3                                                0.000     0.000 r  CLK100MHZ (IN)
                         net (fo=0)                   0.000     0.000    CLK100MHZ
    E3                   IBUF (Prop_ibuf_I_O)         0.250     0.250 r  CLK100MHZ_IBUF_inst/O
                         net (fo=2, routed)           0.440     0.690    u_clk_gen/clk100mhz_in
    MMCME2_ADV_X1Y2      MMCME2_ADV (Prop_mmcme2_adv_CLKIN1_CLKOUT1)
                                                     -2.379    -1.689 r  u_clk_gen/mmcm_inst/CLKOUT1
                         net (fo=1, routed)           0.499    -1.190    u_clk_gen/clk100_unbuf
    BUFGCTRL_X0Y16       BUFG (Prop_bufg_I_O)         0.026    -1.164 r  u_clk_gen/bufg_100/O
                         net (fo=863, routed)         0.602    -0.562    u_mmcm_drp/clk100
    SLICE_X89Y102        FDRE                                         r  u_mmcm_drp/drp_daddr_reg[3]/C
  -------------------------------------------------------------------    -------------------
    SLICE_X89Y102        FDRE (Prop_fdre_C_Q)         0.141    -0.421 r  u_mmcm_drp/drp_daddr_reg[3]/Q
                         net (fo=2, routed)           3.478     3.057    u_clk_gen/drp_daddr[0]
    MMCME2_ADV_X1Y2      MMCME2_ADV                                   r  u_clk_gen/mmcm_inst/DADDR[3]
  -------------------------------------------------------------------    -------------------

                         (clock sys_clk_pin rise edge)
                                                      0.000     0.000 r  
    E3                                                0.000     0.000 r  CLK100MHZ (IN)
                         net (fo=0)                   0.000     0.000    CLK100MHZ
    E3                   IBUF (Prop_ibuf_I_O)         0.438     0.438 r  CLK100MHZ_IBUF_inst/O
                         net (fo=2, routed)           0.679     1.117    u_clk_gen/clk100mhz_in
    MMCME2_ADV_X1Y2      MMCME2_ADV                                   r  u_clk_gen/mmcm_inst/DCLK
                         clock pessimism             -0.188     0.929    
                         clock uncertainty            0.172     1.101    
    MMCME2_ADV_X1Y2      MMCME2_ADV (Hold_mmcme2_adv_DCLK_DADDR[3])
                                                      0.150     1.251    u_clk_gen/mmcm_inst
  -------------------------------------------------------------------
                         required time                         -1.251    
                         arrival time                           3.057    
  -------------------------------------------------------------------
                         slack                                  1.806    

Slack (MET) :             1.880ns  (arrival time - required time)
  Source:                 u_mmcm_drp/drp_di_reg[4]/C
                            (rising edge-triggered cell FDRE clocked by clk100_unbuf  {rise@0.000ns fall@5.000ns period=10.000ns})
  Destination:            u_clk_gen/mmcm_inst/DI[4]
                            (rising edge-triggered cell MMCME2_ADV clocked by sys_clk_pin  {rise@0.000ns fall@5.000ns period=10.000ns})
  Path Group:             sys_clk_pin
  Path Type:              Hold (Min at Fast Process Corner)
  Requirement:            0.000ns  (sys_clk_pin rise@0.000ns - clk100_unbuf rise@0.000ns)
  Data Path Delay:        3.639ns  (logic 0.148ns (4.068%)  route 3.491ns (95.932%))
  Logic Levels:           0  
  Clock Path Skew:        1.491ns (DCD - SCD - CPR)
    Destination Clock Delay (DCD):    1.117ns
    Source Clock Delay      (SCD):    -0.562ns
    Clock Pessimism Removal (CPR):    0.188ns
  Clock Uncertainty:      0.172ns  ((TSJ^2 + DJ^2)^1/2) / 2 + PE
    Total System Jitter     (TSJ):    0.071ns
    Discrete Jitter          (DJ):    0.129ns
    Phase Error              (PE):    0.099ns

    Location             Delay type                Incr(ns)  Path(ns)    Netlist Resource(s)
  -------------------------------------------------------------------    -------------------
                         (clock clk100_unbuf rise edge)
                                                      0.000     0.000 r  
    E3                                                0.000     0.000 r  CLK100MHZ (IN)
                         net (fo=0)                   0.000     0.000    CLK100MHZ
    E3                   IBUF (Prop_ibuf_I_O)         0.250     0.250 r  CLK100MHZ_IBUF_inst/O
                         net (fo=2, routed)           0.440     0.690    u_clk_gen/clk100mhz_in
    MMCME2_ADV_X1Y2      MMCME2_ADV (Prop_mmcme2_adv_CLKIN1_CLKOUT1)
                                                     -2.379    -1.689 r  u_clk_gen/mmcm_inst/CLKOUT1
                         net (fo=1, routed)           0.499    -1.190    u_clk_gen/clk100_unbuf
    BUFGCTRL_X0Y16       BUFG (Prop_bufg_I_O)         0.026    -1.164 r  u_clk_gen/bufg_100/O
                         net (fo=863, routed)         0.602    -0.562    u_mmcm_drp/clk100
    SLICE_X88Y100        FDRE                                         r  u_mmcm_drp/drp_di_reg[4]/C
  -------------------------------------------------------------------    -------------------
    SLICE_X88Y100        FDRE (Prop_fdre_C_Q)         0.148    -0.414 r  u_mmcm_drp/drp_di_reg[4]/Q
                         net (fo=1, routed)           3.491     3.076    u_clk_gen/Q[4]
    MMCME2_ADV_X1Y2      MMCME2_ADV                                   r  u_clk_gen/mmcm_inst/DI[4]
  -------------------------------------------------------------------    -------------------

                         (clock sys_clk_pin rise edge)
                                                      0.000     0.000 r  
    E3                                                0.000     0.000 r  CLK100MHZ (IN)
                         net (fo=0)                   0.000     0.000    CLK100MHZ
    E3                   IBUF (Prop_ibuf_I_O)         0.438     0.438 r  CLK100MHZ_IBUF_inst/O
                         net (fo=2, routed)           0.679     1.117    u_clk_gen/clk100mhz_in
    MMCME2_ADV_X1Y2      MMCME2_ADV                                   r  u_clk_gen/mmcm_inst/DCLK
                         clock pessimism             -0.188     0.929    
                         clock uncertainty            0.172     1.101    
    MMCME2_ADV_X1Y2      MMCME2_ADV (Hold_mmcme2_adv_DCLK_DI[4])
                                                      0.096     1.197    u_clk_gen/mmcm_inst
  -------------------------------------------------------------------
                         required time                         -1.197    
                         arrival time                           3.076    
  -------------------------------------------------------------------
                         slack                                  1.880    

Slack (MET) :             1.971ns  (arrival time - required time)
  Source:                 u_mmcm_drp/drp_di_reg[2]/C
                            (rising edge-triggered cell FDRE clocked by clk100_unbuf  {rise@0.000ns fall@5.000ns period=10.000ns})
  Destination:            u_clk_gen/mmcm_inst/DI[2]
                            (rising edge-triggered cell MMCME2_ADV clocked by sys_clk_pin  {rise@0.000ns fall@5.000ns period=10.000ns})
  Path Group:             sys_clk_pin
  Path Type:              Hold (Min at Fast Process Corner)
  Requirement:            0.000ns  (sys_clk_pin rise@0.000ns - clk100_unbuf rise@0.000ns)
  Data Path Delay:        3.784ns  (logic 0.164ns (4.335%)  route 3.620ns (95.665%))
  Logic Levels:           0  
  Clock Path Skew:        1.491ns (DCD - SCD - CPR)
    Destination Clock Delay (DCD):    1.117ns
    Source Clock Delay      (SCD):    -0.562ns
    Clock Pessimism Removal (CPR):    0.188ns
  Clock Uncertainty:      0.172ns  ((TSJ^2 + DJ^2)^1/2) / 2 + PE
    Total System Jitter     (TSJ):    0.071ns
    Discrete Jitter          (DJ):    0.129ns
    Phase Error              (PE):    0.099ns

    Location             Delay type                Incr(ns)  Path(ns)    Netlist Resource(s)
  -------------------------------------------------------------------    -------------------
                         (clock clk100_unbuf rise edge)
                                                      0.000     0.000 r  
    E3                                                0.000     0.000 r  CLK100MHZ (IN)
                         net (fo=0)                   0.000     0.000    CLK100MHZ
    E3                   IBUF (Prop_ibuf_I_O)         0.250     0.250 r  CLK100MHZ_IBUF_inst/O
                         net (fo=2, routed)           0.440     0.690    u_clk_gen/clk100mhz_in
    MMCME2_ADV_X1Y2      MMCME2_ADV (Prop_mmcme2_adv_CLKIN1_CLKOUT1)
                                                     -2.379    -1.689 r  u_clk_gen/mmcm_inst/CLKOUT1
                         net (fo=1, routed)           0.499    -1.190    u_clk_gen/clk100_unbuf
    BUFGCTRL_X0Y16       BUFG (Prop_bufg_I_O)         0.026    -1.164 r  u_clk_gen/bufg_100/O
                         net (fo=863, routed)         0.602    -0.562    u_mmcm_drp/clk100
    SLICE_X88Y100        FDRE                                         r  u_mmcm_drp/drp_di_reg[2]/C
  -------------------------------------------------------------------    -------------------
    SLICE_X88Y100        FDRE (Prop_fdre_C_Q)         0.164    -0.398 r  u_mmcm_drp/drp_di_reg[2]/Q
                         net (fo=1, routed)           3.620     3.221    u_clk_gen/Q[2]
    MMCME2_ADV_X1Y2      MMCME2_ADV                                   r  u_clk_gen/mmcm_inst/DI[2]
  -------------------------------------------------------------------    -------------------

                         (clock sys_clk_pin rise edge)
                                                      0.000     0.000 r  
    E3                                                0.000     0.000 r  CLK100MHZ (IN)
                         net (fo=0)                   0.000     0.000    CLK100MHZ
    E3                   IBUF (Prop_ibuf_I_O)         0.438     0.438 r  CLK100MHZ_IBUF_inst/O
                         net (fo=2, routed)           0.679     1.117    u_clk_gen/clk100mhz_in
    MMCME2_ADV_X1Y2      MMCME2_ADV                                   r  u_clk_gen/mmcm_inst/DCLK
                         clock pessimism             -0.188     0.929    
                         clock uncertainty            0.172     1.101    
    MMCME2_ADV_X1Y2      MMCME2_ADV (Hold_mmcme2_adv_DCLK_DI[2])
                                                      0.150     1.251    u_clk_gen/mmcm_inst
  -------------------------------------------------------------------
                         required time                         -1.251    
                         arrival time                           3.221    
  -------------------------------------------------------------------
                         slack                                  1.971    

Slack (MET) :             2.262ns  (arrival time - required time)
  Source:                 u_mmcm_drp/drp_di_reg[0]/C
                            (rising edge-triggered cell FDRE clocked by clk100_unbuf  {rise@0.000ns fall@5.000ns period=10.000ns})
  Destination:            u_clk_gen/mmcm_inst/DI[0]
                            (rising edge-triggered cell MMCME2_ADV clocked by sys_clk_pin  {rise@0.000ns fall@5.000ns period=10.000ns})
  Path Group:             sys_clk_pin
  Path Type:              Hold (Min at Fast Process Corner)
  Requirement:            0.000ns  (sys_clk_pin rise@0.000ns - clk100_unbuf rise@0.000ns)
  Data Path Delay:        4.075ns  (logic 0.164ns (4.024%)  route 3.911ns (95.976%))
  Logic Levels:           0  
  Clock Path Skew:        1.491ns (DCD - SCD - CPR)
    Destination Clock Delay (DCD):    1.117ns
    Source Clock Delay      (SCD):    -0.562ns
    Clock Pessimism Removal (CPR):    0.188ns
  Clock Uncertainty:      0.172ns  ((TSJ^2 + DJ^2)^1/2) / 2 + PE
    Total System Jitter     (TSJ):    0.071ns
    Discrete Jitter          (DJ):    0.129ns
    Phase Error              (PE):    0.099ns

    Location             Delay type                Incr(ns)  Path(ns)    Netlist Resource(s)
  -------------------------------------------------------------------    -------------------
                         (clock clk100_unbuf rise edge)
                                                      0.000     0.000 r  
    E3                                                0.000     0.000 r  CLK100MHZ (IN)
                         net (fo=0)                   0.000     0.000    CLK100MHZ
    E3                   IBUF (Prop_ibuf_I_O)         0.250     0.250 r  CLK100MHZ_IBUF_inst/O
                         net (fo=2, routed)           0.440     0.690    u_clk_gen/clk100mhz_in
    MMCME2_ADV_X1Y2      MMCME2_ADV (Prop_mmcme2_adv_CLKIN1_CLKOUT1)
                                                     -2.379    -1.689 r  u_clk_gen/mmcm_inst/CLKOUT1
                         net (fo=1, routed)           0.499    -1.190    u_clk_gen/clk100_unbuf
    BUFGCTRL_X0Y16       BUFG (Prop_bufg_I_O)         0.026    -1.164 r  u_clk_gen/bufg_100/O
                         net (fo=863, routed)         0.602    -0.562    u_mmcm_drp/clk100
    SLICE_X88Y100        FDRE                                         r  u_mmcm_drp/drp_di_reg[0]/C
  -------------------------------------------------------------------    -------------------
    SLICE_X88Y100        FDRE (Prop_fdre_C_Q)         0.164    -0.398 r  u_mmcm_drp/drp_di_reg[0]/Q
                         net (fo=1, routed)           3.911     3.513    u_clk_gen/Q[0]
    MMCME2_ADV_X1Y2      MMCME2_ADV                                   r  u_clk_gen/mmcm_inst/DI[0]
  -------------------------------------------------------------------    -------------------

                         (clock sys_clk_pin rise edge)
                                                      0.000     0.000 r  
    E3                                                0.000     0.000 r  CLK100MHZ (IN)
                         net (fo=0)                   0.000     0.000    CLK100MHZ
    E3                   IBUF (Prop_ibuf_I_O)         0.438     0.438 r  CLK100MHZ_IBUF_inst/O
                         net (fo=2, routed)           0.679     1.117    u_clk_gen/clk100mhz_in
    MMCME2_ADV_X1Y2      MMCME2_ADV                                   r  u_clk_gen/mmcm_inst/DCLK
                         clock pessimism             -0.188     0.929    
                         clock uncertainty            0.172     1.101    
    MMCME2_ADV_X1Y2      MMCME2_ADV (Hold_mmcme2_adv_DCLK_DI[0])
                                                      0.150     1.251    u_clk_gen/mmcm_inst
  -------------------------------------------------------------------
                         required time                         -1.251    
                         arrival time                           3.513    
  -------------------------------------------------------------------
                         slack                                  2.262    

Slack (MET) :             2.333ns  (arrival time - required time)
  Source:                 u_mmcm_drp/drp_di_reg[1]/C
                            (rising edge-triggered cell FDRE clocked by clk100_unbuf  {rise@0.000ns fall@5.000ns period=10.000ns})
  Destination:            u_clk_gen/mmcm_inst/DI[1]
                            (rising edge-triggered cell MMCME2_ADV clocked by sys_clk_pin  {rise@0.000ns fall@5.000ns period=10.000ns})
  Path Group:             sys_clk_pin
  Path Type:              Hold (Min at Fast Process Corner)
  Requirement:            0.000ns  (sys_clk_pin rise@0.000ns - clk100_unbuf rise@0.000ns)
  Data Path Delay:        4.093ns  (logic 0.148ns (3.616%)  route 3.945ns (96.384%))
  Logic Levels:           0  
  Clock Path Skew:        1.491ns (DCD - SCD - CPR)
    Destination Clock Delay (DCD):    1.117ns
    Source Clock Delay      (SCD):    -0.562ns
    Clock Pessimism Removal (CPR):    0.188ns
  Clock Uncertainty:      0.172ns  ((TSJ^2 + DJ^2)^1/2) / 2 + PE
    Total System Jitter     (TSJ):    0.071ns
    Discrete Jitter          (DJ):    0.129ns
    Phase Error              (PE):    0.099ns

    Location             Delay type                Incr(ns)  Path(ns)    Netlist Resource(s)
  -------------------------------------------------------------------    -------------------
                         (clock clk100_unbuf rise edge)
                                                      0.000     0.000 r  
    E3                                                0.000     0.000 r  CLK100MHZ (IN)
                         net (fo=0)                   0.000     0.000    CLK100MHZ
    E3                   IBUF (Prop_ibuf_I_O)         0.250     0.250 r  CLK100MHZ_IBUF_inst/O
                         net (fo=2, routed)           0.440     0.690    u_clk_gen/clk100mhz_in
    MMCME2_ADV_X1Y2      MMCME2_ADV (Prop_mmcme2_adv_CLKIN1_CLKOUT1)
                                                     -2.379    -1.689 r  u_clk_gen/mmcm_inst/CLKOUT1
                         net (fo=1, routed)           0.499    -1.190    u_clk_gen/clk100_unbuf
    BUFGCTRL_X0Y16       BUFG (Prop_bufg_I_O)         0.026    -1.164 r  u_clk_gen/bufg_100/O
                         net (fo=863, routed)         0.602    -0.562    u_mmcm_drp/clk100
    SLICE_X88Y100        FDRE                                         r  u_mmcm_drp/drp_di_reg[1]/C
  -------------------------------------------------------------------    -------------------
    SLICE_X88Y100        FDRE (Prop_fdre_C_Q)         0.148    -0.414 r  u_mmcm_drp/drp_di_reg[1]/Q
                         net (fo=1, routed)           3.945     3.531    u_clk_gen/Q[1]
    MMCME2_ADV_X1Y2      MMCME2_ADV                                   r  u_clk_gen/mmcm_inst/DI[1]
  -------------------------------------------------------------------    -------------------

                         (clock sys_clk_pin rise edge)
                                                      0.000     0.000 r  
    E3                                                0.000     0.000 r  CLK100MHZ (IN)
                         net (fo=0)                   0.000     0.000    CLK100MHZ
    E3                   IBUF (Prop_ibuf_I_O)         0.438     0.438 r  CLK100MHZ_IBUF_inst/O
                         net (fo=2, routed)           0.679     1.117    u_clk_gen/clk100mhz_in
    MMCME2_ADV_X1Y2      MMCME2_ADV                                   r  u_clk_gen/mmcm_inst/DCLK
                         clock pessimism             -0.188     0.929    
                         clock uncertainty            0.172     1.101    
    MMCME2_ADV_X1Y2      MMCME2_ADV (Hold_mmcme2_adv_DCLK_DI[1])
                                                      0.097     1.198    u_clk_gen/mmcm_inst
  -------------------------------------------------------------------
                         required time                         -1.198    
                         arrival time                           3.531    
  -------------------------------------------------------------------
                         slack                                  2.333    

Slack (MET) :             2.336ns  (arrival time - required time)
  Source:                 u_mmcm_drp/drp_di_reg[7]/C
                            (rising edge-triggered cell FDRE clocked by clk100_unbuf  {rise@0.000ns fall@5.000ns period=10.000ns})
  Destination:            u_clk_gen/mmcm_inst/DI[7]
                            (rising edge-triggered cell MMCME2_ADV clocked by sys_clk_pin  {rise@0.000ns fall@5.000ns period=10.000ns})
  Path Group:             sys_clk_pin
  Path Type:              Hold (Min at Fast Process Corner)
  Requirement:            0.000ns  (sys_clk_pin rise@0.000ns - clk100_unbuf rise@0.000ns)
  Data Path Delay:        4.095ns  (logic 0.128ns (3.126%)  route 3.967ns (96.874%))
  Logic Levels:           0  
  Clock Path Skew:        1.491ns (DCD - SCD - CPR)
    Destination Clock Delay (DCD):    1.117ns
    Source Clock Delay      (SCD):    -0.562ns
    Clock Pessimism Removal (CPR):    0.188ns
  Clock Uncertainty:      0.172ns  ((TSJ^2 + DJ^2)^1/2) / 2 + PE
    Total System Jitter     (TSJ):    0.071ns
    Discrete Jitter          (DJ):    0.129ns
    Phase Error              (PE):    0.099ns

    Location             Delay type                Incr(ns)  Path(ns)    Netlist Resource(s)
  -------------------------------------------------------------------    -------------------
                         (clock clk100_unbuf rise edge)
                                                      0.000     0.000 r  
    E3                                                0.000     0.000 r  CLK100MHZ (IN)
                         net (fo=0)                   0.000     0.000    CLK100MHZ
    E3                   IBUF (Prop_ibuf_I_O)         0.250     0.250 r  CLK100MHZ_IBUF_inst/O
                         net (fo=2, routed)           0.440     0.690    u_clk_gen/clk100mhz_in
    MMCME2_ADV_X1Y2      MMCME2_ADV (Prop_mmcme2_adv_CLKIN1_CLKOUT1)
                                                     -2.379    -1.689 r  u_clk_gen/mmcm_inst/CLKOUT1
                         net (fo=1, routed)           0.499    -1.190    u_clk_gen/clk100_unbuf
    BUFGCTRL_X0Y16       BUFG (Prop_bufg_I_O)         0.026    -1.164 r  u_clk_gen/bufg_100/O
                         net (fo=863, routed)         0.602    -0.562    u_mmcm_drp/clk100
    SLICE_X89Y100        FDRE                                         r  u_mmcm_drp/drp_di_reg[7]/C
  -------------------------------------------------------------------    -------------------
    SLICE_X89Y100        FDRE (Prop_fdre_C_Q)         0.128    -0.434 r  u_mmcm_drp/drp_di_reg[7]/Q
                         net (fo=1, routed)           3.967     3.533    u_clk_gen/Q[7]
    MMCME2_ADV_X1Y2      MMCME2_ADV                                   r  u_clk_gen/mmcm_inst/DI[7]
  -------------------------------------------------------------------    -------------------

                         (clock sys_clk_pin rise edge)
                                                      0.000     0.000 r  
    E3                                                0.000     0.000 r  CLK100MHZ (IN)
                         net (fo=0)                   0.000     0.000    CLK100MHZ
    E3                   IBUF (Prop_ibuf_I_O)         0.438     0.438 r  CLK100MHZ_IBUF_inst/O
                         net (fo=2, routed)           0.679     1.117    u_clk_gen/clk100mhz_in
    MMCME2_ADV_X1Y2      MMCME2_ADV                                   r  u_clk_gen/mmcm_inst/DCLK
                         clock pessimism             -0.188     0.929    
                         clock uncertainty            0.172     1.101    
    MMCME2_ADV_X1Y2      MMCME2_ADV (Hold_mmcme2_adv_DCLK_DI[7])
                                                      0.096     1.197    u_clk_gen/mmcm_inst
  -------------------------------------------------------------------
                         required time                         -1.197    
                         arrival time                           3.533    
  -------------------------------------------------------------------
                         slack                                  2.336    

Slack (MET) :             2.416ns  (arrival time - required time)
  Source:                 u_mmcm_drp/drp_dwe_reg/C
                            (rising edge-triggered cell FDRE clocked by clk100_unbuf  {rise@0.000ns fall@5.000ns period=10.000ns})
  Destination:            u_clk_gen/mmcm_inst/DWE
                            (rising edge-triggered cell MMCME2_ADV clocked by sys_clk_pin  {rise@0.000ns fall@5.000ns period=10.000ns})
  Path Group:             sys_clk_pin
  Path Type:              Hold (Min at Fast Process Corner)
  Requirement:            0.000ns  (sys_clk_pin rise@0.000ns - clk100_unbuf rise@0.000ns)
  Data Path Delay:        4.229ns  (logic 0.141ns (3.334%)  route 4.088ns (96.666%))
  Logic Levels:           0  
  Clock Path Skew:        1.491ns (DCD - SCD - CPR)
    Destination Clock Delay (DCD):    1.117ns
    Source Clock Delay      (SCD):    -0.562ns
    Clock Pessimism Removal (CPR):    0.188ns
  Clock Uncertainty:      0.172ns  ((TSJ^2 + DJ^2)^1/2) / 2 + PE
    Total System Jitter     (TSJ):    0.071ns
    Discrete Jitter          (DJ):    0.129ns
    Phase Error              (PE):    0.099ns

    Location             Delay type                Incr(ns)  Path(ns)    Netlist Resource(s)
  -------------------------------------------------------------------    -------------------
                         (clock clk100_unbuf rise edge)
                                                      0.000     0.000 r  
    E3                                                0.000     0.000 r  CLK100MHZ (IN)
                         net (fo=0)                   0.000     0.000    CLK100MHZ
    E3                   IBUF (Prop_ibuf_I_O)         0.250     0.250 r  CLK100MHZ_IBUF_inst/O
                         net (fo=2, routed)           0.440     0.690    u_clk_gen/clk100mhz_in
    MMCME2_ADV_X1Y2      MMCME2_ADV (Prop_mmcme2_adv_CLKIN1_CLKOUT1)
                                                     -2.379    -1.689 r  u_clk_gen/mmcm_inst/CLKOUT1
                         net (fo=1, routed)           0.499    -1.190    u_clk_gen/clk100_unbuf
    BUFGCTRL_X0Y16       BUFG (Prop_bufg_I_O)         0.026    -1.164 r  u_clk_gen/bufg_100/O
                         net (fo=863, routed)         0.602    -0.562    u_mmcm_drp/clk100
    SLICE_X89Y101        FDRE                                         r  u_mmcm_drp/drp_dwe_reg/C
  -------------------------------------------------------------------    -------------------
    SLICE_X89Y101        FDRE (Prop_fdre_C_Q)         0.141    -0.421 r  u_mmcm_drp/drp_dwe_reg/Q
                         net (fo=1, routed)           4.088     3.667    u_clk_gen/drp_dwe
    MMCME2_ADV_X1Y2      MMCME2_ADV                                   r  u_clk_gen/mmcm_inst/DWE
  -------------------------------------------------------------------    -------------------

                         (clock sys_clk_pin rise edge)
                                                      0.000     0.000 r  
    E3                                                0.000     0.000 r  CLK100MHZ (IN)
                         net (fo=0)                   0.000     0.000    CLK100MHZ
    E3                   IBUF (Prop_ibuf_I_O)         0.438     0.438 r  CLK100MHZ_IBUF_inst/O
                         net (fo=2, routed)           0.679     1.117    u_clk_gen/clk100mhz_in
    MMCME2_ADV_X1Y2      MMCME2_ADV                                   r  u_clk_gen/mmcm_inst/DCLK
                         clock pessimism             -0.188     0.929    
                         clock uncertainty            0.172     1.101    
    MMCME2_ADV_X1Y2      MMCME2_ADV (Hold_mmcme2_adv_DCLK_DWE)
                                                      0.150     1.251    u_clk_gen/mmcm_inst
  -------------------------------------------------------------------
                         required time                         -1.251    
                         arrival time                           3.667    
  -------------------------------------------------------------------
                         slack                                  2.416    

Slack (MET) :             2.443ns  (arrival time - required time)
  Source:                 u_mmcm_drp/drp_di_reg[5]/C
                            (rising edge-triggered cell FDRE clocked by clk100_unbuf  {rise@0.000ns fall@5.000ns period=10.000ns})
  Destination:            u_clk_gen/mmcm_inst/DI[5]
                            (rising edge-triggered cell MMCME2_ADV clocked by sys_clk_pin  {rise@0.000ns fall@5.000ns period=10.000ns})
  Path Group:             sys_clk_pin
  Path Type:              Hold (Min at Fast Process Corner)
  Requirement:            0.000ns  (sys_clk_pin rise@0.000ns - clk100_unbuf rise@0.000ns)
  Data Path Delay:        4.203ns  (logic 0.148ns (3.521%)  route 4.055ns (96.479%))
  Logic Levels:           0  
  Clock Path Skew:        1.491ns (DCD - SCD - CPR)
    Destination Clock Delay (DCD):    1.117ns
    Source Clock Delay      (SCD):    -0.562ns
    Clock Pessimism Removal (CPR):    0.188ns
  Clock Uncertainty:      0.172ns  ((TSJ^2 + DJ^2)^1/2) / 2 + PE
    Total System Jitter     (TSJ):    0.071ns
    Discrete Jitter          (DJ):    0.129ns
    Phase Error              (PE):    0.099ns

    Location             Delay type                Incr(ns)  Path(ns)    Netlist Resource(s)
  -------------------------------------------------------------------    -------------------
                         (clock clk100_unbuf rise edge)
                                                      0.000     0.000 r  
    E3                                                0.000     0.000 r  CLK100MHZ (IN)
                         net (fo=0)                   0.000     0.000    CLK100MHZ
    E3                   IBUF (Prop_ibuf_I_O)         0.250     0.250 r  CLK100MHZ_IBUF_inst/O
                         net (fo=2, routed)           0.440     0.690    u_clk_gen/clk100mhz_in
    MMCME2_ADV_X1Y2      MMCME2_ADV (Prop_mmcme2_adv_CLKIN1_CLKOUT1)
                                                     -2.379    -1.689 r  u_clk_gen/mmcm_inst/CLKOUT1
                         net (fo=1, routed)           0.499    -1.190    u_clk_gen/clk100_unbuf
    BUFGCTRL_X0Y16       BUFG (Prop_bufg_I_O)         0.026    -1.164 r  u_clk_gen/bufg_100/O
                         net (fo=863, routed)         0.602    -0.562    u_mmcm_drp/clk100
    SLICE_X88Y100        FDRE                                         r  u_mmcm_drp/drp_di_reg[5]/C
  -------------------------------------------------------------------    -------------------
    SLICE_X88Y100        FDRE (Prop_fdre_C_Q)         0.148    -0.414 r  u_mmcm_drp/drp_di_reg[5]/Q
                         net (fo=1, routed)           4.055     3.641    u_clk_gen/Q[5]
    MMCME2_ADV_X1Y2      MMCME2_ADV                                   r  u_clk_gen/mmcm_inst/DI[5]
  -------------------------------------------------------------------    -------------------

                         (clock sys_clk_pin rise edge)
                                                      0.000     0.000 r  
    E3                                                0.000     0.000 r  CLK100MHZ (IN)
                         net (fo=0)                   0.000     0.000    CLK100MHZ
    E3                   IBUF (Prop_ibuf_I_O)         0.438     0.438 r  CLK100MHZ_IBUF_inst/O
                         net (fo=2, routed)           0.679     1.117    u_clk_gen/clk100mhz_in
    MMCME2_ADV_X1Y2      MMCME2_ADV                                   r  u_clk_gen/mmcm_inst/DCLK
                         clock pessimism             -0.188     0.929    
                         clock uncertainty            0.172     1.101    
    MMCME2_ADV_X1Y2      MMCME2_ADV (Hold_mmcme2_adv_DCLK_DI[5])
                                                      0.097     1.198    u_clk_gen/mmcm_inst
  -------------------------------------------------------------------
                         required time                         -1.198    
                         arrival time                           3.641    
  -------------------------------------------------------------------
                         slack                                  2.443    





---------------------------------------------------------------------------------------------------
From Clock:  sys_clk_pin
  To Clock:  clk100_unbuf

Setup :            0  Failing Endpoints,  Worst Slack        1.695ns,  Total Violation        0.000ns
Hold  :            0  Failing Endpoints,  Worst Slack        2.721ns,  Total Violation        0.000ns
---------------------------------------------------------------------------------------------------


Max Delay Paths
--------------------------------------------------------------------------------------
Slack (MET) :             1.695ns  (required time - arrival time)
  Source:                 u_clk_gen/mmcm_inst/DCLK
                            (rising edge-triggered cell MMCME2_ADV clocked by sys_clk_pin  {rise@0.000ns fall@5.000ns period=10.000ns})
  Destination:            u_mmcm_drp/FSM_onehot_state_reg[0]/CE
                            (rising edge-triggered cell FDSE clocked by clk100_unbuf  {rise@0.000ns fall@5.000ns period=10.000ns})
  Path Group:             clk100_unbuf
  Path Type:              Setup (Max at Slow Process Corner)
  Requirement:            10.000ns  (clk100_unbuf rise@10.000ns - sys_clk_pin rise@0.000ns)
  Data Path Delay:        3.596ns  (logic 1.232ns (34.258%)  route 2.364ns (65.742%))
  Logic Levels:           2  (LUT6=2)
  Clock Path Skew:        -4.367ns (DCD - SCD + CPR)
    Destination Clock Delay (DCD):    -1.424ns = ( 8.576 - 10.000 ) 
    Source Clock Delay      (SCD):    3.014ns
    Clock Pessimism Removal (CPR):    0.071ns
  Clock Uncertainty:      0.172ns  ((TSJ^2 + DJ^2)^1/2) / 2 + PE
    Total System Jitter     (TSJ):    0.071ns
    Discrete Jitter          (DJ):    0.129ns
    Phase Error              (PE):    0.099ns

    Location             Delay type                Incr(ns)  Path(ns)    Netlist Resource(s)
  -------------------------------------------------------------------    -------------------
                         (clock sys_clk_pin rise edge)
                                                      0.000     0.000 r  
    E3                                                0.000     0.000 r  CLK100MHZ (IN)
                         net (fo=0)                   0.000     0.000    CLK100MHZ
    E3                   IBUF (Prop_ibuf_I_O)         1.482     1.482 r  CLK100MHZ_IBUF_inst/O
                         net (fo=2, routed)           1.532     3.014    u_clk_gen/clk100mhz_in
    MMCME2_ADV_X1Y2      MMCME2_ADV                                   r  u_clk_gen/mmcm_inst/DCLK
  -------------------------------------------------------------------    -------------------
    MMCME2_ADV_X1Y2      MMCME2_ADV (Prop_mmcme2_adv_DCLK_DRDY)
                                                      0.984     3.998 r  u_clk_gen/mmcm_inst/DRDY
                         net (fo=2, routed)           1.100     5.097    u_mmcm_drp/drp_drdy
    SLICE_X89Y102        LUT6 (Prop_lut6_I5_O)        0.124     5.221 f  u_mmcm_drp/FSM_onehot_state[9]_i_4/O
                         net (fo=1, routed)           0.573     5.795    u_mmcm_drp/FSM_onehot_state[9]_i_4_n_0
    SLICE_X87Y101        LUT6 (Prop_lut6_I5_O)        0.124     5.919 r  u_mmcm_drp/FSM_onehot_state[9]_i_2/O
                         net (fo=10, routed)          0.692     6.610    u_mmcm_drp/FSM_onehot_state[9]_i_2_n_0
    SLICE_X88Y102        FDSE                                         r  u_mmcm_drp/FSM_onehot_state_reg[0]/CE
  -------------------------------------------------------------------    -------------------

                         (clock clk100_unbuf rise edge)
                                                     10.000    10.000 r  
    E3                                                0.000    10.000 r  CLK100MHZ (IN)
                         net (fo=0)                   0.000    10.000    CLK100MHZ
    E3                   IBUF (Prop_ibuf_I_O)         1.411    11.411 r  CLK100MHZ_IBUF_inst/O
                         net (fo=2, routed)           1.162    12.573    u_clk_gen/clk100mhz_in
    MMCME2_ADV_X1Y2      MMCME2_ADV (Prop_mmcme2_adv_CLKIN1_CLKOUT1)
                                                     -7.324     5.249 r  u_clk_gen/mmcm_inst/CLKOUT1
                         net (fo=1, routed)           1.639     6.888    u_clk_gen/clk100_unbuf
    BUFGCTRL_X0Y16       BUFG (Prop_bufg_I_O)         0.091     6.979 r  u_clk_gen/bufg_100/O
                         net (fo=863, routed)         1.597     8.576    u_mmcm_drp/clk100
    SLICE_X88Y102        FDSE                                         r  u_mmcm_drp/FSM_onehot_state_reg[0]/C
                         clock pessimism              0.071     8.647    
                         clock uncertainty           -0.172     8.475    
    SLICE_X88Y102        FDSE (Setup_fdse_C_CE)      -0.169     8.306    u_mmcm_drp/FSM_onehot_state_reg[0]
  -------------------------------------------------------------------
                         required time                          8.306    
                         arrival time                          -6.610    
  -------------------------------------------------------------------
                         slack                                  1.695    

Slack (MET) :             1.695ns  (required time - arrival time)
  Source:                 u_clk_gen/mmcm_inst/DCLK
                            (rising edge-triggered cell MMCME2_ADV clocked by sys_clk_pin  {rise@0.000ns fall@5.000ns period=10.000ns})
  Destination:            u_mmcm_drp/FSM_onehot_state_reg[1]/CE
                            (rising edge-triggered cell FDRE clocked by clk100_unbuf  {rise@0.000ns fall@5.000ns period=10.000ns})
  Path Group:             clk100_unbuf
  Path Type:              Setup (Max at Slow Process Corner)
  Requirement:            10.000ns  (clk100_unbuf rise@10.000ns - sys_clk_pin rise@0.000ns)
  Data Path Delay:        3.596ns  (logic 1.232ns (34.258%)  route 2.364ns (65.742%))
  Logic Levels:           2  (LUT6=2)
  Clock Path Skew:        -4.367ns (DCD - SCD + CPR)
    Destination Clock Delay (DCD):    -1.424ns = ( 8.576 - 10.000 ) 
    Source Clock Delay      (SCD):    3.014ns
    Clock Pessimism Removal (CPR):    0.071ns
  Clock Uncertainty:      0.172ns  ((TSJ^2 + DJ^2)^1/2) / 2 + PE
    Total System Jitter     (TSJ):    0.071ns
    Discrete Jitter          (DJ):    0.129ns
    Phase Error              (PE):    0.099ns

    Location             Delay type                Incr(ns)  Path(ns)    Netlist Resource(s)
  -------------------------------------------------------------------    -------------------
                         (clock sys_clk_pin rise edge)
                                                      0.000     0.000 r  
    E3                                                0.000     0.000 r  CLK100MHZ (IN)
                         net (fo=0)                   0.000     0.000    CLK100MHZ
    E3                   IBUF (Prop_ibuf_I_O)         1.482     1.482 r  CLK100MHZ_IBUF_inst/O
                         net (fo=2, routed)           1.532     3.014    u_clk_gen/clk100mhz_in
    MMCME2_ADV_X1Y2      MMCME2_ADV                                   r  u_clk_gen/mmcm_inst/DCLK
  -------------------------------------------------------------------    -------------------
    MMCME2_ADV_X1Y2      MMCME2_ADV (Prop_mmcme2_adv_DCLK_DRDY)
                                                      0.984     3.998 r  u_clk_gen/mmcm_inst/DRDY
                         net (fo=2, routed)           1.100     5.097    u_mmcm_drp/drp_drdy
    SLICE_X89Y102        LUT6 (Prop_lut6_I5_O)        0.124     5.221 f  u_mmcm_drp/FSM_onehot_state[9]_i_4/O
                         net (fo=1, routed)           0.573     5.795    u_mmcm_drp/FSM_onehot_state[9]_i_4_n_0
    SLICE_X87Y101        LUT6 (Prop_lut6_I5_O)        0.124     5.919 r  u_mmcm_drp/FSM_onehot_state[9]_i_2/O
                         net (fo=10, routed)          0.692     6.610    u_mmcm_drp/FSM_onehot_state[9]_i_2_n_0
    SLICE_X88Y102        FDRE                                         r  u_mmcm_drp/FSM_onehot_state_reg[1]/CE
  -------------------------------------------------------------------    -------------------

                         (clock clk100_unbuf rise edge)
                                                     10.000    10.000 r  
    E3                                                0.000    10.000 r  CLK100MHZ (IN)
                         net (fo=0)                   0.000    10.000    CLK100MHZ
    E3                   IBUF (Prop_ibuf_I_O)         1.411    11.411 r  CLK100MHZ_IBUF_inst/O
                         net (fo=2, routed)           1.162    12.573    u_clk_gen/clk100mhz_in
    MMCME2_ADV_X1Y2      MMCME2_ADV (Prop_mmcme2_adv_CLKIN1_CLKOUT1)
                                                     -7.324     5.249 r  u_clk_gen/mmcm_inst/CLKOUT1
                         net (fo=1, routed)           1.639     6.888    u_clk_gen/clk100_unbuf
    BUFGCTRL_X0Y16       BUFG (Prop_bufg_I_O)         0.091     6.979 r  u_clk_gen/bufg_100/O
                         net (fo=863, routed)         1.597     8.576    u_mmcm_drp/clk100
    SLICE_X88Y102        FDRE                                         r  u_mmcm_drp/FSM_onehot_state_reg[1]/C
                         clock pessimism              0.071     8.647    
                         clock uncertainty           -0.172     8.475    
    SLICE_X88Y102        FDRE (Setup_fdre_C_CE)      -0.169     8.306    u_mmcm_drp/FSM_onehot_state_reg[1]
  -------------------------------------------------------------------
                         required time                          8.306    
                         arrival time                          -6.610    
  -------------------------------------------------------------------
                         slack                                  1.695    

Slack (MET) :             1.695ns  (required time - arrival time)
  Source:                 u_clk_gen/mmcm_inst/DCLK
                            (rising edge-triggered cell MMCME2_ADV clocked by sys_clk_pin  {rise@0.000ns fall@5.000ns period=10.000ns})
  Destination:            u_mmcm_drp/FSM_onehot_state_reg[2]/CE
                            (rising edge-triggered cell FDRE clocked by clk100_unbuf  {rise@0.000ns fall@5.000ns period=10.000ns})
  Path Group:             clk100_unbuf
  Path Type:              Setup (Max at Slow Process Corner)
  Requirement:            10.000ns  (clk100_unbuf rise@10.000ns - sys_clk_pin rise@0.000ns)
  Data Path Delay:        3.596ns  (logic 1.232ns (34.258%)  route 2.364ns (65.742%))
  Logic Levels:           2  (LUT6=2)
  Clock Path Skew:        -4.367ns (DCD - SCD + CPR)
    Destination Clock Delay (DCD):    -1.424ns = ( 8.576 - 10.000 ) 
    Source Clock Delay      (SCD):    3.014ns
    Clock Pessimism Removal (CPR):    0.071ns
  Clock Uncertainty:      0.172ns  ((TSJ^2 + DJ^2)^1/2) / 2 + PE
    Total System Jitter     (TSJ):    0.071ns
    Discrete Jitter          (DJ):    0.129ns
    Phase Error              (PE):    0.099ns

    Location             Delay type                Incr(ns)  Path(ns)    Netlist Resource(s)
  -------------------------------------------------------------------    -------------------
                         (clock sys_clk_pin rise edge)
                                                      0.000     0.000 r  
    E3                                                0.000     0.000 r  CLK100MHZ (IN)
                         net (fo=0)                   0.000     0.000    CLK100MHZ
    E3                   IBUF (Prop_ibuf_I_O)         1.482     1.482 r  CLK100MHZ_IBUF_inst/O
                         net (fo=2, routed)           1.532     3.014    u_clk_gen/clk100mhz_in
    MMCME2_ADV_X1Y2      MMCME2_ADV                                   r  u_clk_gen/mmcm_inst/DCLK
  -------------------------------------------------------------------    -------------------
    MMCME2_ADV_X1Y2      MMCME2_ADV (Prop_mmcme2_adv_DCLK_DRDY)
                                                      0.984     3.998 r  u_clk_gen/mmcm_inst/DRDY
                         net (fo=2, routed)           1.100     5.097    u_mmcm_drp/drp_drdy
    SLICE_X89Y102        LUT6 (Prop_lut6_I5_O)        0.124     5.221 f  u_mmcm_drp/FSM_onehot_state[9]_i_4/O
                         net (fo=1, routed)           0.573     5.795    u_mmcm_drp/FSM_onehot_state[9]_i_4_n_0
    SLICE_X87Y101        LUT6 (Prop_lut6_I5_O)        0.124     5.919 r  u_mmcm_drp/FSM_onehot_state[9]_i_2/O
                         net (fo=10, routed)          0.692     6.610    u_mmcm_drp/FSM_onehot_state[9]_i_2_n_0
    SLICE_X88Y102        FDRE                                         r  u_mmcm_drp/FSM_onehot_state_reg[2]/CE
  -------------------------------------------------------------------    -------------------

                         (clock clk100_unbuf rise edge)
                                                     10.000    10.000 r  
    E3                                                0.000    10.000 r  CLK100MHZ (IN)
                         net (fo=0)                   0.000    10.000    CLK100MHZ
    E3                   IBUF (Prop_ibuf_I_O)         1.411    11.411 r  CLK100MHZ_IBUF_inst/O
                         net (fo=2, routed)           1.162    12.573    u_clk_gen/clk100mhz_in
    MMCME2_ADV_X1Y2      MMCME2_ADV (Prop_mmcme2_adv_CLKIN1_CLKOUT1)
                                                     -7.324     5.249 r  u_clk_gen/mmcm_inst/CLKOUT1
                         net (fo=1, routed)           1.639     6.888    u_clk_gen/clk100_unbuf
    BUFGCTRL_X0Y16       BUFG (Prop_bufg_I_O)         0.091     6.979 r  u_clk_gen/bufg_100/O
                         net (fo=863, routed)         1.597     8.576    u_mmcm_drp/clk100
    SLICE_X88Y102        FDRE                                         r  u_mmcm_drp/FSM_onehot_state_reg[2]/C
                         clock pessimism              0.071     8.647    
                         clock uncertainty           -0.172     8.475    
    SLICE_X88Y102        FDRE (Setup_fdre_C_CE)      -0.169     8.306    u_mmcm_drp/FSM_onehot_state_reg[2]
  -------------------------------------------------------------------
                         required time                          8.306    
                         arrival time                          -6.610    
  -------------------------------------------------------------------
                         slack                                  1.695    

Slack (MET) :             1.695ns  (required time - arrival time)
  Source:                 u_clk_gen/mmcm_inst/DCLK
                            (rising edge-triggered cell MMCME2_ADV clocked by sys_clk_pin  {rise@0.000ns fall@5.000ns period=10.000ns})
  Destination:            u_mmcm_drp/FSM_onehot_state_reg[3]/CE
                            (rising edge-triggered cell FDRE clocked by clk100_unbuf  {rise@0.000ns fall@5.000ns period=10.000ns})
  Path Group:             clk100_unbuf
  Path Type:              Setup (Max at Slow Process Corner)
  Requirement:            10.000ns  (clk100_unbuf rise@10.000ns - sys_clk_pin rise@0.000ns)
  Data Path Delay:        3.596ns  (logic 1.232ns (34.258%)  route 2.364ns (65.742%))
  Logic Levels:           2  (LUT6=2)
  Clock Path Skew:        -4.367ns (DCD - SCD + CPR)
    Destination Clock Delay (DCD):    -1.424ns = ( 8.576 - 10.000 ) 
    Source Clock Delay      (SCD):    3.014ns
    Clock Pessimism Removal (CPR):    0.071ns
  Clock Uncertainty:      0.172ns  ((TSJ^2 + DJ^2)^1/2) / 2 + PE
    Total System Jitter     (TSJ):    0.071ns
    Discrete Jitter          (DJ):    0.129ns
    Phase Error              (PE):    0.099ns

    Location             Delay type                Incr(ns)  Path(ns)    Netlist Resource(s)
  -------------------------------------------------------------------    -------------------
                         (clock sys_clk_pin rise edge)
                                                      0.000     0.000 r  
    E3                                                0.000     0.000 r  CLK100MHZ (IN)
                         net (fo=0)                   0.000     0.000    CLK100MHZ
    E3                   IBUF (Prop_ibuf_I_O)         1.482     1.482 r  CLK100MHZ_IBUF_inst/O
                         net (fo=2, routed)           1.532     3.014    u_clk_gen/clk100mhz_in
    MMCME2_ADV_X1Y2      MMCME2_ADV                                   r  u_clk_gen/mmcm_inst/DCLK
  -------------------------------------------------------------------    -------------------
    MMCME2_ADV_X1Y2      MMCME2_ADV (Prop_mmcme2_adv_DCLK_DRDY)
                                                      0.984     3.998 r  u_clk_gen/mmcm_inst/DRDY
                         net (fo=2, routed)           1.100     5.097    u_mmcm_drp/drp_drdy
    SLICE_X89Y102        LUT6 (Prop_lut6_I5_O)        0.124     5.221 f  u_mmcm_drp/FSM_onehot_state[9]_i_4/O
                         net (fo=1, routed)           0.573     5.795    u_mmcm_drp/FSM_onehot_state[9]_i_4_n_0
    SLICE_X87Y101        LUT6 (Prop_lut6_I5_O)        0.124     5.919 r  u_mmcm_drp/FSM_onehot_state[9]_i_2/O
                         net (fo=10, routed)          0.692     6.610    u_mmcm_drp/FSM_onehot_state[9]_i_2_n_0
    SLICE_X88Y102        FDRE                                         r  u_mmcm_drp/FSM_onehot_state_reg[3]/CE
  -------------------------------------------------------------------    -------------------

                         (clock clk100_unbuf rise edge)
                                                     10.000    10.000 r  
    E3                                                0.000    10.000 r  CLK100MHZ (IN)
                         net (fo=0)                   0.000    10.000    CLK100MHZ
    E3                   IBUF (Prop_ibuf_I_O)         1.411    11.411 r  CLK100MHZ_IBUF_inst/O
                         net (fo=2, routed)           1.162    12.573    u_clk_gen/clk100mhz_in
    MMCME2_ADV_X1Y2      MMCME2_ADV (Prop_mmcme2_adv_CLKIN1_CLKOUT1)
                                                     -7.324     5.249 r  u_clk_gen/mmcm_inst/CLKOUT1
                         net (fo=1, routed)           1.639     6.888    u_clk_gen/clk100_unbuf
    BUFGCTRL_X0Y16       BUFG (Prop_bufg_I_O)         0.091     6.979 r  u_clk_gen/bufg_100/O
                         net (fo=863, routed)         1.597     8.576    u_mmcm_drp/clk100
    SLICE_X88Y102        FDRE                                         r  u_mmcm_drp/FSM_onehot_state_reg[3]/C
                         clock pessimism              0.071     8.647    
                         clock uncertainty           -0.172     8.475    
    SLICE_X88Y102        FDRE (Setup_fdre_C_CE)      -0.169     8.306    u_mmcm_drp/FSM_onehot_state_reg[3]
  -------------------------------------------------------------------
                         required time                          8.306    
                         arrival time                          -6.610    
  -------------------------------------------------------------------
                         slack                                  1.695    

Slack (MET) :             1.695ns  (required time - arrival time)
  Source:                 u_clk_gen/mmcm_inst/DCLK
                            (rising edge-triggered cell MMCME2_ADV clocked by sys_clk_pin  {rise@0.000ns fall@5.000ns period=10.000ns})
  Destination:            u_mmcm_drp/FSM_onehot_state_reg[6]/CE
                            (rising edge-triggered cell FDRE clocked by clk100_unbuf  {rise@0.000ns fall@5.000ns period=10.000ns})
  Path Group:             clk100_unbuf
  Path Type:              Setup (Max at Slow Process Corner)
  Requirement:            10.000ns  (clk100_unbuf rise@10.000ns - sys_clk_pin rise@0.000ns)
  Data Path Delay:        3.596ns  (logic 1.232ns (34.258%)  route 2.364ns (65.742%))
  Logic Levels:           2  (LUT6=2)
  Clock Path Skew:        -4.367ns (DCD - SCD + CPR)
    Destination Clock Delay (DCD):    -1.424ns = ( 8.576 - 10.000 ) 
    Source Clock Delay      (SCD):    3.014ns
    Clock Pessimism Removal (CPR):    0.071ns
  Clock Uncertainty:      0.172ns  ((TSJ^2 + DJ^2)^1/2) / 2 + PE
    Total System Jitter     (TSJ):    0.071ns
    Discrete Jitter          (DJ):    0.129ns
    Phase Error              (PE):    0.099ns

    Location             Delay type                Incr(ns)  Path(ns)    Netlist Resource(s)
  -------------------------------------------------------------------    -------------------
                         (clock sys_clk_pin rise edge)
                                                      0.000     0.000 r  
    E3                                                0.000     0.000 r  CLK100MHZ (IN)
                         net (fo=0)                   0.000     0.000    CLK100MHZ
    E3                   IBUF (Prop_ibuf_I_O)         1.482     1.482 r  CLK100MHZ_IBUF_inst/O
                         net (fo=2, routed)           1.532     3.014    u_clk_gen/clk100mhz_in
    MMCME2_ADV_X1Y2      MMCME2_ADV                                   r  u_clk_gen/mmcm_inst/DCLK
  -------------------------------------------------------------------    -------------------
    MMCME2_ADV_X1Y2      MMCME2_ADV (Prop_mmcme2_adv_DCLK_DRDY)
                                                      0.984     3.998 r  u_clk_gen/mmcm_inst/DRDY
                         net (fo=2, routed)           1.100     5.097    u_mmcm_drp/drp_drdy
    SLICE_X89Y102        LUT6 (Prop_lut6_I5_O)        0.124     5.221 f  u_mmcm_drp/FSM_onehot_state[9]_i_4/O
                         net (fo=1, routed)           0.573     5.795    u_mmcm_drp/FSM_onehot_state[9]_i_4_n_0
    SLICE_X87Y101        LUT6 (Prop_lut6_I5_O)        0.124     5.919 r  u_mmcm_drp/FSM_onehot_state[9]_i_2/O
                         net (fo=10, routed)          0.692     6.610    u_mmcm_drp/FSM_onehot_state[9]_i_2_n_0
    SLICE_X88Y102        FDRE                                         r  u_mmcm_drp/FSM_onehot_state_reg[6]/CE
  -------------------------------------------------------------------    -------------------

                         (clock clk100_unbuf rise edge)
                                                     10.000    10.000 r  
    E3                                                0.000    10.000 r  CLK100MHZ (IN)
                         net (fo=0)                   0.000    10.000    CLK100MHZ
    E3                   IBUF (Prop_ibuf_I_O)         1.411    11.411 r  CLK100MHZ_IBUF_inst/O
                         net (fo=2, routed)           1.162    12.573    u_clk_gen/clk100mhz_in
    MMCME2_ADV_X1Y2      MMCME2_ADV (Prop_mmcme2_adv_CLKIN1_CLKOUT1)
                                                     -7.324     5.249 r  u_clk_gen/mmcm_inst/CLKOUT1
                         net (fo=1, routed)           1.639     6.888    u_clk_gen/clk100_unbuf
    BUFGCTRL_X0Y16       BUFG (Prop_bufg_I_O)         0.091     6.979 r  u_clk_gen/bufg_100/O
                         net (fo=863, routed)         1.597     8.576    u_mmcm_drp/clk100
    SLICE_X88Y102        FDRE                                         r  u_mmcm_drp/FSM_onehot_state_reg[6]/C
                         clock pessimism              0.071     8.647    
                         clock uncertainty           -0.172     8.475    
    SLICE_X88Y102        FDRE (Setup_fdre_C_CE)      -0.169     8.306    u_mmcm_drp/FSM_onehot_state_reg[6]
  -------------------------------------------------------------------
                         required time                          8.306    
                         arrival time                          -6.610    
  -------------------------------------------------------------------
                         slack                                  1.695    

Slack (MET) :             1.695ns  (required time - arrival time)
  Source:                 u_clk_gen/mmcm_inst/DCLK
                            (rising edge-triggered cell MMCME2_ADV clocked by sys_clk_pin  {rise@0.000ns fall@5.000ns period=10.000ns})
  Destination:            u_mmcm_drp/FSM_onehot_state_reg[7]/CE
                            (rising edge-triggered cell FDRE clocked by clk100_unbuf  {rise@0.000ns fall@5.000ns period=10.000ns})
  Path Group:             clk100_unbuf
  Path Type:              Setup (Max at Slow Process Corner)
  Requirement:            10.000ns  (clk100_unbuf rise@10.000ns - sys_clk_pin rise@0.000ns)
  Data Path Delay:        3.596ns  (logic 1.232ns (34.258%)  route 2.364ns (65.742%))
  Logic Levels:           2  (LUT6=2)
  Clock Path Skew:        -4.367ns (DCD - SCD + CPR)
    Destination Clock Delay (DCD):    -1.424ns = ( 8.576 - 10.000 ) 
    Source Clock Delay      (SCD):    3.014ns
    Clock Pessimism Removal (CPR):    0.071ns
  Clock Uncertainty:      0.172ns  ((TSJ^2 + DJ^2)^1/2) / 2 + PE
    Total System Jitter     (TSJ):    0.071ns
    Discrete Jitter          (DJ):    0.129ns
    Phase Error              (PE):    0.099ns

    Location             Delay type                Incr(ns)  Path(ns)    Netlist Resource(s)
  -------------------------------------------------------------------    -------------------
                         (clock sys_clk_pin rise edge)
                                                      0.000     0.000 r  
    E3                                                0.000     0.000 r  CLK100MHZ (IN)
                         net (fo=0)                   0.000     0.000    CLK100MHZ
    E3                   IBUF (Prop_ibuf_I_O)         1.482     1.482 r  CLK100MHZ_IBUF_inst/O
                         net (fo=2, routed)           1.532     3.014    u_clk_gen/clk100mhz_in
    MMCME2_ADV_X1Y2      MMCME2_ADV                                   r  u_clk_gen/mmcm_inst/DCLK
  -------------------------------------------------------------------    -------------------
    MMCME2_ADV_X1Y2      MMCME2_ADV (Prop_mmcme2_adv_DCLK_DRDY)
                                                      0.984     3.998 r  u_clk_gen/mmcm_inst/DRDY
                         net (fo=2, routed)           1.100     5.097    u_mmcm_drp/drp_drdy
    SLICE_X89Y102        LUT6 (Prop_lut6_I5_O)        0.124     5.221 f  u_mmcm_drp/FSM_onehot_state[9]_i_4/O
                         net (fo=1, routed)           0.573     5.795    u_mmcm_drp/FSM_onehot_state[9]_i_4_n_0
    SLICE_X87Y101        LUT6 (Prop_lut6_I5_O)        0.124     5.919 r  u_mmcm_drp/FSM_onehot_state[9]_i_2/O
                         net (fo=10, routed)          0.692     6.610    u_mmcm_drp/FSM_onehot_state[9]_i_2_n_0
    SLICE_X88Y102        FDRE                                         r  u_mmcm_drp/FSM_onehot_state_reg[7]/CE
  -------------------------------------------------------------------    -------------------

                         (clock clk100_unbuf rise edge)
                                                     10.000    10.000 r  
    E3                                                0.000    10.000 r  CLK100MHZ (IN)
                         net (fo=0)                   0.000    10.000    CLK100MHZ
    E3                   IBUF (Prop_ibuf_I_O)         1.411    11.411 r  CLK100MHZ_IBUF_inst/O
                         net (fo=2, routed)           1.162    12.573    u_clk_gen/clk100mhz_in
    MMCME2_ADV_X1Y2      MMCME2_ADV (Prop_mmcme2_adv_CLKIN1_CLKOUT1)
                                                     -7.324     5.249 r  u_clk_gen/mmcm_inst/CLKOUT1
                         net (fo=1, routed)           1.639     6.888    u_clk_gen/clk100_unbuf
    BUFGCTRL_X0Y16       BUFG (Prop_bufg_I_O)         0.091     6.979 r  u_clk_gen/bufg_100/O
                         net (fo=863, routed)         1.597     8.576    u_mmcm_drp/clk100
    SLICE_X88Y102        FDRE                                         r  u_mmcm_drp/FSM_onehot_state_reg[7]/C
                         clock pessimism              0.071     8.647    
                         clock uncertainty           -0.172     8.475    
    SLICE_X88Y102        FDRE (Setup_fdre_C_CE)      -0.169     8.306    u_mmcm_drp/FSM_onehot_state_reg[7]
  -------------------------------------------------------------------
                         required time                          8.306    
                         arrival time                          -6.610    
  -------------------------------------------------------------------
                         slack                                  1.695    

Slack (MET) :             1.695ns  (required time - arrival time)
  Source:                 u_clk_gen/mmcm_inst/DCLK
                            (rising edge-triggered cell MMCME2_ADV clocked by sys_clk_pin  {rise@0.000ns fall@5.000ns period=10.000ns})
  Destination:            u_mmcm_drp/FSM_onehot_state_reg[8]/CE
                            (rising edge-triggered cell FDRE clocked by clk100_unbuf  {rise@0.000ns fall@5.000ns period=10.000ns})
  Path Group:             clk100_unbuf
  Path Type:              Setup (Max at Slow Process Corner)
  Requirement:            10.000ns  (clk100_unbuf rise@10.000ns - sys_clk_pin rise@0.000ns)
  Data Path Delay:        3.596ns  (logic 1.232ns (34.258%)  route 2.364ns (65.742%))
  Logic Levels:           2  (LUT6=2)
  Clock Path Skew:        -4.367ns (DCD - SCD + CPR)
    Destination Clock Delay (DCD):    -1.424ns = ( 8.576 - 10.000 ) 
    Source Clock Delay      (SCD):    3.014ns
    Clock Pessimism Removal (CPR):    0.071ns
  Clock Uncertainty:      0.172ns  ((TSJ^2 + DJ^2)^1/2) / 2 + PE
    Total System Jitter     (TSJ):    0.071ns
    Discrete Jitter          (DJ):    0.129ns
    Phase Error              (PE):    0.099ns

    Location             Delay type                Incr(ns)  Path(ns)    Netlist Resource(s)
  -------------------------------------------------------------------    -------------------
                         (clock sys_clk_pin rise edge)
                                                      0.000     0.000 r  
    E3                                                0.000     0.000 r  CLK100MHZ (IN)
                         net (fo=0)                   0.000     0.000    CLK100MHZ
    E3                   IBUF (Prop_ibuf_I_O)         1.482     1.482 r  CLK100MHZ_IBUF_inst/O
                         net (fo=2, routed)           1.532     3.014    u_clk_gen/clk100mhz_in
    MMCME2_ADV_X1Y2      MMCME2_ADV                                   r  u_clk_gen/mmcm_inst/DCLK
  -------------------------------------------------------------------    -------------------
    MMCME2_ADV_X1Y2      MMCME2_ADV (Prop_mmcme2_adv_DCLK_DRDY)
                                                      0.984     3.998 r  u_clk_gen/mmcm_inst/DRDY
                         net (fo=2, routed)           1.100     5.097    u_mmcm_drp/drp_drdy
    SLICE_X89Y102        LUT6 (Prop_lut6_I5_O)        0.124     5.221 f  u_mmcm_drp/FSM_onehot_state[9]_i_4/O
                         net (fo=1, routed)           0.573     5.795    u_mmcm_drp/FSM_onehot_state[9]_i_4_n_0
    SLICE_X87Y101        LUT6 (Prop_lut6_I5_O)        0.124     5.919 r  u_mmcm_drp/FSM_onehot_state[9]_i_2/O
                         net (fo=10, routed)          0.692     6.610    u_mmcm_drp/FSM_onehot_state[9]_i_2_n_0
    SLICE_X88Y102        FDRE                                         r  u_mmcm_drp/FSM_onehot_state_reg[8]/CE
  -------------------------------------------------------------------    -------------------

                         (clock clk100_unbuf rise edge)
                                                     10.000    10.000 r  
    E3                                                0.000    10.000 r  CLK100MHZ (IN)
                         net (fo=0)                   0.000    10.000    CLK100MHZ
    E3                   IBUF (Prop_ibuf_I_O)         1.411    11.411 r  CLK100MHZ_IBUF_inst/O
                         net (fo=2, routed)           1.162    12.573    u_clk_gen/clk100mhz_in
    MMCME2_ADV_X1Y2      MMCME2_ADV (Prop_mmcme2_adv_CLKIN1_CLKOUT1)
                                                     -7.324     5.249 r  u_clk_gen/mmcm_inst/CLKOUT1
                         net (fo=1, routed)           1.639     6.888    u_clk_gen/clk100_unbuf
    BUFGCTRL_X0Y16       BUFG (Prop_bufg_I_O)         0.091     6.979 r  u_clk_gen/bufg_100/O
                         net (fo=863, routed)         1.597     8.576    u_mmcm_drp/clk100
    SLICE_X88Y102        FDRE                                         r  u_mmcm_drp/FSM_onehot_state_reg[8]/C
                         clock pessimism              0.071     8.647    
                         clock uncertainty           -0.172     8.475    
    SLICE_X88Y102        FDRE (Setup_fdre_C_CE)      -0.169     8.306    u_mmcm_drp/FSM_onehot_state_reg[8]
  -------------------------------------------------------------------
                         required time                          8.306    
                         arrival time                          -6.610    
  -------------------------------------------------------------------
                         slack                                  1.695    

Slack (MET) :             1.695ns  (required time - arrival time)
  Source:                 u_clk_gen/mmcm_inst/DCLK
                            (rising edge-triggered cell MMCME2_ADV clocked by sys_clk_pin  {rise@0.000ns fall@5.000ns period=10.000ns})
  Destination:            u_mmcm_drp/FSM_onehot_state_reg[9]/CE
                            (rising edge-triggered cell FDRE clocked by clk100_unbuf  {rise@0.000ns fall@5.000ns period=10.000ns})
  Path Group:             clk100_unbuf
  Path Type:              Setup (Max at Slow Process Corner)
  Requirement:            10.000ns  (clk100_unbuf rise@10.000ns - sys_clk_pin rise@0.000ns)
  Data Path Delay:        3.596ns  (logic 1.232ns (34.258%)  route 2.364ns (65.742%))
  Logic Levels:           2  (LUT6=2)
  Clock Path Skew:        -4.367ns (DCD - SCD + CPR)
    Destination Clock Delay (DCD):    -1.424ns = ( 8.576 - 10.000 ) 
    Source Clock Delay      (SCD):    3.014ns
    Clock Pessimism Removal (CPR):    0.071ns
  Clock Uncertainty:      0.172ns  ((TSJ^2 + DJ^2)^1/2) / 2 + PE
    Total System Jitter     (TSJ):    0.071ns
    Discrete Jitter          (DJ):    0.129ns
    Phase Error              (PE):    0.099ns

    Location             Delay type                Incr(ns)  Path(ns)    Netlist Resource(s)
  -------------------------------------------------------------------    -------------------
                         (clock sys_clk_pin rise edge)
                                                      0.000     0.000 r  
    E3                                                0.000     0.000 r  CLK100MHZ (IN)
                         net (fo=0)                   0.000     0.000    CLK100MHZ
    E3                   IBUF (Prop_ibuf_I_O)         1.482     1.482 r  CLK100MHZ_IBUF_inst/O
                         net (fo=2, routed)           1.532     3.014    u_clk_gen/clk100mhz_in
    MMCME2_ADV_X1Y2      MMCME2_ADV                                   r  u_clk_gen/mmcm_inst/DCLK
  -------------------------------------------------------------------    -------------------
    MMCME2_ADV_X1Y2      MMCME2_ADV (Prop_mmcme2_adv_DCLK_DRDY)
                                                      0.984     3.998 r  u_clk_gen/mmcm_inst/DRDY
                         net (fo=2, routed)           1.100     5.097    u_mmcm_drp/drp_drdy
    SLICE_X89Y102        LUT6 (Prop_lut6_I5_O)        0.124     5.221 f  u_mmcm_drp/FSM_onehot_state[9]_i_4/O
                         net (fo=1, routed)           0.573     5.795    u_mmcm_drp/FSM_onehot_state[9]_i_4_n_0
    SLICE_X87Y101        LUT6 (Prop_lut6_I5_O)        0.124     5.919 r  u_mmcm_drp/FSM_onehot_state[9]_i_2/O
                         net (fo=10, routed)          0.692     6.610    u_mmcm_drp/FSM_onehot_state[9]_i_2_n_0
    SLICE_X88Y102        FDRE                                         r  u_mmcm_drp/FSM_onehot_state_reg[9]/CE
  -------------------------------------------------------------------    -------------------

                         (clock clk100_unbuf rise edge)
                                                     10.000    10.000 r  
    E3                                                0.000    10.000 r  CLK100MHZ (IN)
                         net (fo=0)                   0.000    10.000    CLK100MHZ
    E3                   IBUF (Prop_ibuf_I_O)         1.411    11.411 r  CLK100MHZ_IBUF_inst/O
                         net (fo=2, routed)           1.162    12.573    u_clk_gen/clk100mhz_in
    MMCME2_ADV_X1Y2      MMCME2_ADV (Prop_mmcme2_adv_CLKIN1_CLKOUT1)
                                                     -7.324     5.249 r  u_clk_gen/mmcm_inst/CLKOUT1
                         net (fo=1, routed)           1.639     6.888    u_clk_gen/clk100_unbuf
    BUFGCTRL_X0Y16       BUFG (Prop_bufg_I_O)         0.091     6.979 r  u_clk_gen/bufg_100/O
                         net (fo=863, routed)         1.597     8.576    u_mmcm_drp/clk100
    SLICE_X88Y102        FDRE                                         r  u_mmcm_drp/FSM_onehot_state_reg[9]/C
                         clock pessimism              0.071     8.647    
                         clock uncertainty           -0.172     8.475    
    SLICE_X88Y102        FDRE (Setup_fdre_C_CE)      -0.169     8.306    u_mmcm_drp/FSM_onehot_state_reg[9]
  -------------------------------------------------------------------
                         required time                          8.306    
                         arrival time                          -6.610    
  -------------------------------------------------------------------
                         slack                                  1.695    

Slack (MET) :             1.836ns  (required time - arrival time)
  Source:                 u_clk_gen/mmcm_inst/DCLK
                            (rising edge-triggered cell MMCME2_ADV clocked by sys_clk_pin  {rise@0.000ns fall@5.000ns period=10.000ns})
  Destination:            u_mmcm_drp/FSM_onehot_state_reg[4]/CE
                            (rising edge-triggered cell FDRE clocked by clk100_unbuf  {rise@0.000ns fall@5.000ns period=10.000ns})
  Path Group:             clk100_unbuf
  Path Type:              Setup (Max at Slow Process Corner)
  Requirement:            10.000ns  (clk100_unbuf rise@10.000ns - sys_clk_pin rise@0.000ns)
  Data Path Delay:        3.455ns  (logic 1.232ns (35.654%)  route 2.223ns (64.346%))
  Logic Levels:           2  (LUT6=2)
  Clock Path Skew:        -4.367ns (DCD - SCD + CPR)
    Destination Clock Delay (DCD):    -1.424ns = ( 8.576 - 10.000 ) 
    Source Clock Delay      (SCD):    3.014ns
    Clock Pessimism Removal (CPR):    0.071ns
  Clock Uncertainty:      0.172ns  ((TSJ^2 + DJ^2)^1/2) / 2 + PE
    Total System Jitter     (TSJ):    0.071ns
    Discrete Jitter          (DJ):    0.129ns
    Phase Error              (PE):    0.099ns

    Location             Delay type                Incr(ns)  Path(ns)    Netlist Resource(s)
  -------------------------------------------------------------------    -------------------
                         (clock sys_clk_pin rise edge)
                                                      0.000     0.000 r  
    E3                                                0.000     0.000 r  CLK100MHZ (IN)
                         net (fo=0)                   0.000     0.000    CLK100MHZ
    E3                   IBUF (Prop_ibuf_I_O)         1.482     1.482 r  CLK100MHZ_IBUF_inst/O
                         net (fo=2, routed)           1.532     3.014    u_clk_gen/clk100mhz_in
    MMCME2_ADV_X1Y2      MMCME2_ADV                                   r  u_clk_gen/mmcm_inst/DCLK
  -------------------------------------------------------------------    -------------------
    MMCME2_ADV_X1Y2      MMCME2_ADV (Prop_mmcme2_adv_DCLK_DRDY)
                                                      0.984     3.998 r  u_clk_gen/mmcm_inst/DRDY
                         net (fo=2, routed)           1.100     5.097    u_mmcm_drp/drp_drdy
    SLICE_X89Y102        LUT6 (Prop_lut6_I5_O)        0.124     5.221 f  u_mmcm_drp/FSM_onehot_state[9]_i_4/O
                         net (fo=1, routed)           0.573     5.795    u_mmcm_drp/FSM_onehot_state[9]_i_4_n_0
    SLICE_X87Y101        LUT6 (Prop_lut6_I5_O)        0.124     5.919 r  u_mmcm_drp/FSM_onehot_state[9]_i_2/O
                         net (fo=10, routed)          0.551     6.469    u_mmcm_drp/FSM_onehot_state[9]_i_2_n_0
    SLICE_X88Y101        FDRE                                         r  u_mmcm_drp/FSM_onehot_state_reg[4]/CE
  -------------------------------------------------------------------    -------------------

                         (clock clk100_unbuf rise edge)
                                                     10.000    10.000 r  
    E3                                                0.000    10.000 r  CLK100MHZ (IN)
                         net (fo=0)                   0.000    10.000    CLK100MHZ
    E3                   IBUF (Prop_ibuf_I_O)         1.411    11.411 r  CLK100MHZ_IBUF_inst/O
                         net (fo=2, routed)           1.162    12.573    u_clk_gen/clk100mhz_in
    MMCME2_ADV_X1Y2      MMCME2_ADV (Prop_mmcme2_adv_CLKIN1_CLKOUT1)
                                                     -7.324     5.249 r  u_clk_gen/mmcm_inst/CLKOUT1
                         net (fo=1, routed)           1.639     6.888    u_clk_gen/clk100_unbuf
    BUFGCTRL_X0Y16       BUFG (Prop_bufg_I_O)         0.091     6.979 r  u_clk_gen/bufg_100/O
                         net (fo=863, routed)         1.597     8.576    u_mmcm_drp/clk100
    SLICE_X88Y101        FDRE                                         r  u_mmcm_drp/FSM_onehot_state_reg[4]/C
                         clock pessimism              0.071     8.647    
                         clock uncertainty           -0.172     8.475    
    SLICE_X88Y101        FDRE (Setup_fdre_C_CE)      -0.169     8.306    u_mmcm_drp/FSM_onehot_state_reg[4]
  -------------------------------------------------------------------
                         required time                          8.306    
                         arrival time                          -6.469    
  -------------------------------------------------------------------
                         slack                                  1.836    

Slack (MET) :             1.836ns  (required time - arrival time)
  Source:                 u_clk_gen/mmcm_inst/DCLK
                            (rising edge-triggered cell MMCME2_ADV clocked by sys_clk_pin  {rise@0.000ns fall@5.000ns period=10.000ns})
  Destination:            u_mmcm_drp/FSM_onehot_state_reg[5]/CE
                            (rising edge-triggered cell FDRE clocked by clk100_unbuf  {rise@0.000ns fall@5.000ns period=10.000ns})
  Path Group:             clk100_unbuf
  Path Type:              Setup (Max at Slow Process Corner)
  Requirement:            10.000ns  (clk100_unbuf rise@10.000ns - sys_clk_pin rise@0.000ns)
  Data Path Delay:        3.455ns  (logic 1.232ns (35.654%)  route 2.223ns (64.346%))
  Logic Levels:           2  (LUT6=2)
  Clock Path Skew:        -4.367ns (DCD - SCD + CPR)
    Destination Clock Delay (DCD):    -1.424ns = ( 8.576 - 10.000 ) 
    Source Clock Delay      (SCD):    3.014ns
    Clock Pessimism Removal (CPR):    0.071ns
  Clock Uncertainty:      0.172ns  ((TSJ^2 + DJ^2)^1/2) / 2 + PE
    Total System Jitter     (TSJ):    0.071ns
    Discrete Jitter          (DJ):    0.129ns
    Phase Error              (PE):    0.099ns

    Location             Delay type                Incr(ns)  Path(ns)    Netlist Resource(s)
  -------------------------------------------------------------------    -------------------
                         (clock sys_clk_pin rise edge)
                                                      0.000     0.000 r  
    E3                                                0.000     0.000 r  CLK100MHZ (IN)
                         net (fo=0)                   0.000     0.000    CLK100MHZ
    E3                   IBUF (Prop_ibuf_I_O)         1.482     1.482 r  CLK100MHZ_IBUF_inst/O
                         net (fo=2, routed)           1.532     3.014    u_clk_gen/clk100mhz_in
    MMCME2_ADV_X1Y2      MMCME2_ADV                                   r  u_clk_gen/mmcm_inst/DCLK
  -------------------------------------------------------------------    -------------------
    MMCME2_ADV_X1Y2      MMCME2_ADV (Prop_mmcme2_adv_DCLK_DRDY)
                                                      0.984     3.998 r  u_clk_gen/mmcm_inst/DRDY
                         net (fo=2, routed)           1.100     5.097    u_mmcm_drp/drp_drdy
    SLICE_X89Y102        LUT6 (Prop_lut6_I5_O)        0.124     5.221 f  u_mmcm_drp/FSM_onehot_state[9]_i_4/O
                         net (fo=1, routed)           0.573     5.795    u_mmcm_drp/FSM_onehot_state[9]_i_4_n_0
    SLICE_X87Y101        LUT6 (Prop_lut6_I5_O)        0.124     5.919 r  u_mmcm_drp/FSM_onehot_state[9]_i_2/O
                         net (fo=10, routed)          0.551     6.469    u_mmcm_drp/FSM_onehot_state[9]_i_2_n_0
    SLICE_X88Y101        FDRE                                         r  u_mmcm_drp/FSM_onehot_state_reg[5]/CE
  -------------------------------------------------------------------    -------------------

                         (clock clk100_unbuf rise edge)
                                                     10.000    10.000 r  
    E3                                                0.000    10.000 r  CLK100MHZ (IN)
                         net (fo=0)                   0.000    10.000    CLK100MHZ
    E3                   IBUF (Prop_ibuf_I_O)         1.411    11.411 r  CLK100MHZ_IBUF_inst/O
                         net (fo=2, routed)           1.162    12.573    u_clk_gen/clk100mhz_in
    MMCME2_ADV_X1Y2      MMCME2_ADV (Prop_mmcme2_adv_CLKIN1_CLKOUT1)
                                                     -7.324     5.249 r  u_clk_gen/mmcm_inst/CLKOUT1
                         net (fo=1, routed)           1.639     6.888    u_clk_gen/clk100_unbuf
    BUFGCTRL_X0Y16       BUFG (Prop_bufg_I_O)         0.091     6.979 r  u_clk_gen/bufg_100/O
                         net (fo=863, routed)         1.597     8.576    u_mmcm_drp/clk100
    SLICE_X88Y101        FDRE                                         r  u_mmcm_drp/FSM_onehot_state_reg[5]/C
                         clock pessimism              0.071     8.647    
                         clock uncertainty           -0.172     8.475    
    SLICE_X88Y101        FDRE (Setup_fdre_C_CE)      -0.169     8.306    u_mmcm_drp/FSM_onehot_state_reg[5]
  -------------------------------------------------------------------
                         required time                          8.306    
                         arrival time                          -6.469    
  -------------------------------------------------------------------
                         slack                                  1.836    





Min Delay Paths
--------------------------------------------------------------------------------------
Slack (MET) :             2.721ns  (arrival time - required time)
  Source:                 u_clk_gen/mmcm_inst/DCLK
                            (rising edge-triggered cell MMCME2_ADV clocked by sys_clk_pin  {rise@0.000ns fall@5.000ns period=10.000ns})
  Destination:            u_mmcm_drp/timer_us_reg[11]/CE
                            (rising edge-triggered cell FDRE clocked by clk100_unbuf  {rise@0.000ns fall@5.000ns period=10.000ns})
  Path Group:             clk100_unbuf
  Path Type:              Hold (Min at Fast Process Corner)
  Requirement:            0.000ns  (clk100_unbuf rise@0.000ns - sys_clk_pin rise@0.000ns)
  Data Path Delay:        1.045ns  (logic 0.331ns (31.676%)  route 0.714ns (68.324%))
  Logic Levels:           1  (LUT4=1)
  Clock Path Skew:        -1.809ns (DCD - SCD - CPR)
    Destination Clock Delay (DCD):    -0.808ns
    Source Clock Delay      (SCD):    0.813ns
    Clock Pessimism Removal (CPR):    0.188ns
  Clock Uncertainty:      0.172ns  ((TSJ^2 + DJ^2)^1/2) / 2 + PE
    Total System Jitter     (TSJ):    0.071ns
    Discrete Jitter          (DJ):    0.129ns
    Phase Error              (PE):    0.099ns

    Location             Delay type                Incr(ns)  Path(ns)    Netlist Resource(s)
  -------------------------------------------------------------------    -------------------
                         (clock sys_clk_pin rise edge)
                                                      0.000     0.000 r  
    E3                                                0.000     0.000 r  CLK100MHZ (IN)
                         net (fo=0)                   0.000     0.000    CLK100MHZ
    E3                   IBUF (Prop_ibuf_I_O)         0.250     0.250 r  CLK100MHZ_IBUF_inst/O
                         net (fo=2, routed)           0.563     0.813    u_clk_gen/clk100mhz_in
    MMCME2_ADV_X1Y2      MMCME2_ADV                                   r  u_clk_gen/mmcm_inst/DCLK
  -------------------------------------------------------------------    -------------------
    MMCME2_ADV_X1Y2      MMCME2_ADV (Prop_mmcme2_adv_DCLK_DRDY)
                                                      0.286     1.099 r  u_clk_gen/mmcm_inst/DRDY
                         net (fo=2, routed)           0.347     1.445    u_mmcm_drp/drp_drdy
    SLICE_X88Y101        LUT4 (Prop_lut4_I3_O)        0.045     1.490 r  u_mmcm_drp/timer_us[23]_i_1/O
                         net (fo=24, routed)          0.367     1.858    u_mmcm_drp/timer_us[23]_i_1_n_0
    SLICE_X77Y101        FDRE                                         r  u_mmcm_drp/timer_us_reg[11]/CE
  -------------------------------------------------------------------    -------------------

                         (clock clk100_unbuf rise edge)
                                                      0.000     0.000 r  
    E3                                                0.000     0.000 r  CLK100MHZ (IN)
                         net (fo=0)                   0.000     0.000    CLK100MHZ
    E3                   IBUF (Prop_ibuf_I_O)         0.438     0.438 r  CLK100MHZ_IBUF_inst/O
                         net (fo=2, routed)           0.480     0.918    u_clk_gen/clk100mhz_in
    MMCME2_ADV_X1Y2      MMCME2_ADV (Prop_mmcme2_adv_CLKIN1_CLKOUT1)
                                                     -3.163    -2.245 r  u_clk_gen/mmcm_inst/CLKOUT1
                         net (fo=1, routed)           0.544    -1.702    u_clk_gen/clk100_unbuf
    BUFGCTRL_X0Y16       BUFG (Prop_bufg_I_O)         0.029    -1.673 r  u_clk_gen/bufg_100/O
                         net (fo=863, routed)         0.865    -0.808    u_mmcm_drp/clk100
    SLICE_X77Y101        FDRE                                         r  u_mmcm_drp/timer_us_reg[11]/C
                         clock pessimism             -0.188    -0.996    
                         clock uncertainty            0.172    -0.824    
    SLICE_X77Y101        FDRE (Hold_fdre_C_CE)       -0.039    -0.863    u_mmcm_drp/timer_us_reg[11]
  -------------------------------------------------------------------
                         required time                          0.863    
                         arrival time                           1.858    
  -------------------------------------------------------------------
                         slack                                  2.721    

Slack (MET) :             2.721ns  (arrival time - required time)
  Source:                 u_clk_gen/mmcm_inst/DCLK
                            (rising edge-triggered cell MMCME2_ADV clocked by sys_clk_pin  {rise@0.000ns fall@5.000ns period=10.000ns})
  Destination:            u_mmcm_drp/timer_us_reg[12]/CE
                            (rising edge-triggered cell FDRE clocked by clk100_unbuf  {rise@0.000ns fall@5.000ns period=10.000ns})
  Path Group:             clk100_unbuf
  Path Type:              Hold (Min at Fast Process Corner)
  Requirement:            0.000ns  (clk100_unbuf rise@0.000ns - sys_clk_pin rise@0.000ns)
  Data Path Delay:        1.045ns  (logic 0.331ns (31.676%)  route 0.714ns (68.324%))
  Logic Levels:           1  (LUT4=1)
  Clock Path Skew:        -1.809ns (DCD - SCD - CPR)
    Destination Clock Delay (DCD):    -0.808ns
    Source Clock Delay      (SCD):    0.813ns
    Clock Pessimism Removal (CPR):    0.188ns
  Clock Uncertainty:      0.172ns  ((TSJ^2 + DJ^2)^1/2) / 2 + PE
    Total System Jitter     (TSJ):    0.071ns
    Discrete Jitter          (DJ):    0.129ns
    Phase Error              (PE):    0.099ns

    Location             Delay type                Incr(ns)  Path(ns)    Netlist Resource(s)
  -------------------------------------------------------------------    -------------------
                         (clock sys_clk_pin rise edge)
                                                      0.000     0.000 r  
    E3                                                0.000     0.000 r  CLK100MHZ (IN)
                         net (fo=0)                   0.000     0.000    CLK100MHZ
    E3                   IBUF (Prop_ibuf_I_O)         0.250     0.250 r  CLK100MHZ_IBUF_inst/O
                         net (fo=2, routed)           0.563     0.813    u_clk_gen/clk100mhz_in
    MMCME2_ADV_X1Y2      MMCME2_ADV                                   r  u_clk_gen/mmcm_inst/DCLK
  -------------------------------------------------------------------    -------------------
    MMCME2_ADV_X1Y2      MMCME2_ADV (Prop_mmcme2_adv_DCLK_DRDY)
                                                      0.286     1.099 r  u_clk_gen/mmcm_inst/DRDY
                         net (fo=2, routed)           0.347     1.445    u_mmcm_drp/drp_drdy
    SLICE_X88Y101        LUT4 (Prop_lut4_I3_O)        0.045     1.490 r  u_mmcm_drp/timer_us[23]_i_1/O
                         net (fo=24, routed)          0.367     1.858    u_mmcm_drp/timer_us[23]_i_1_n_0
    SLICE_X77Y101        FDRE                                         r  u_mmcm_drp/timer_us_reg[12]/CE
  -------------------------------------------------------------------    -------------------

                         (clock clk100_unbuf rise edge)
                                                      0.000     0.000 r  
    E3                                                0.000     0.000 r  CLK100MHZ (IN)
                         net (fo=0)                   0.000     0.000    CLK100MHZ
    E3                   IBUF (Prop_ibuf_I_O)         0.438     0.438 r  CLK100MHZ_IBUF_inst/O
                         net (fo=2, routed)           0.480     0.918    u_clk_gen/clk100mhz_in
    MMCME2_ADV_X1Y2      MMCME2_ADV (Prop_mmcme2_adv_CLKIN1_CLKOUT1)
                                                     -3.163    -2.245 r  u_clk_gen/mmcm_inst/CLKOUT1
                         net (fo=1, routed)           0.544    -1.702    u_clk_gen/clk100_unbuf
    BUFGCTRL_X0Y16       BUFG (Prop_bufg_I_O)         0.029    -1.673 r  u_clk_gen/bufg_100/O
                         net (fo=863, routed)         0.865    -0.808    u_mmcm_drp/clk100
    SLICE_X77Y101        FDRE                                         r  u_mmcm_drp/timer_us_reg[12]/C
                         clock pessimism             -0.188    -0.996    
                         clock uncertainty            0.172    -0.824    
    SLICE_X77Y101        FDRE (Hold_fdre_C_CE)       -0.039    -0.863    u_mmcm_drp/timer_us_reg[12]
  -------------------------------------------------------------------
                         required time                          0.863    
                         arrival time                           1.858    
  -------------------------------------------------------------------
                         slack                                  2.721    

Slack (MET) :             2.721ns  (arrival time - required time)
  Source:                 u_clk_gen/mmcm_inst/DCLK
                            (rising edge-triggered cell MMCME2_ADV clocked by sys_clk_pin  {rise@0.000ns fall@5.000ns period=10.000ns})
  Destination:            u_mmcm_drp/timer_us_reg[6]/CE
                            (rising edge-triggered cell FDRE clocked by clk100_unbuf  {rise@0.000ns fall@5.000ns period=10.000ns})
  Path Group:             clk100_unbuf
  Path Type:              Hold (Min at Fast Process Corner)
  Requirement:            0.000ns  (clk100_unbuf rise@0.000ns - sys_clk_pin rise@0.000ns)
  Data Path Delay:        1.045ns  (logic 0.331ns (31.676%)  route 0.714ns (68.324%))
  Logic Levels:           1  (LUT4=1)
  Clock Path Skew:        -1.809ns (DCD - SCD - CPR)
    Destination Clock Delay (DCD):    -0.808ns
    Source Clock Delay      (SCD):    0.813ns
    Clock Pessimism Removal (CPR):    0.188ns
  Clock Uncertainty:      0.172ns  ((TSJ^2 + DJ^2)^1/2) / 2 + PE
    Total System Jitter     (TSJ):    0.071ns
    Discrete Jitter          (DJ):    0.129ns
    Phase Error              (PE):    0.099ns

    Location             Delay type                Incr(ns)  Path(ns)    Netlist Resource(s)
  -------------------------------------------------------------------    -------------------
                         (clock sys_clk_pin rise edge)
                                                      0.000     0.000 r  
    E3                                                0.000     0.000 r  CLK100MHZ (IN)
                         net (fo=0)                   0.000     0.000    CLK100MHZ
    E3                   IBUF (Prop_ibuf_I_O)         0.250     0.250 r  CLK100MHZ_IBUF_inst/O
                         net (fo=2, routed)           0.563     0.813    u_clk_gen/clk100mhz_in
    MMCME2_ADV_X1Y2      MMCME2_ADV                                   r  u_clk_gen/mmcm_inst/DCLK
  -------------------------------------------------------------------    -------------------
    MMCME2_ADV_X1Y2      MMCME2_ADV (Prop_mmcme2_adv_DCLK_DRDY)
                                                      0.286     1.099 r  u_clk_gen/mmcm_inst/DRDY
                         net (fo=2, routed)           0.347     1.445    u_mmcm_drp/drp_drdy
    SLICE_X88Y101        LUT4 (Prop_lut4_I3_O)        0.045     1.490 r  u_mmcm_drp/timer_us[23]_i_1/O
                         net (fo=24, routed)          0.367     1.858    u_mmcm_drp/timer_us[23]_i_1_n_0
    SLICE_X77Y101        FDRE                                         r  u_mmcm_drp/timer_us_reg[6]/CE
  -------------------------------------------------------------------    -------------------

                         (clock clk100_unbuf rise edge)
                                                      0.000     0.000 r  
    E3                                                0.000     0.000 r  CLK100MHZ (IN)
                         net (fo=0)                   0.000     0.000    CLK100MHZ
    E3                   IBUF (Prop_ibuf_I_O)         0.438     0.438 r  CLK100MHZ_IBUF_inst/O
                         net (fo=2, routed)           0.480     0.918    u_clk_gen/clk100mhz_in
    MMCME2_ADV_X1Y2      MMCME2_ADV (Prop_mmcme2_adv_CLKIN1_CLKOUT1)
                                                     -3.163    -2.245 r  u_clk_gen/mmcm_inst/CLKOUT1
                         net (fo=1, routed)           0.544    -1.702    u_clk_gen/clk100_unbuf
    BUFGCTRL_X0Y16       BUFG (Prop_bufg_I_O)         0.029    -1.673 r  u_clk_gen/bufg_100/O
                         net (fo=863, routed)         0.865    -0.808    u_mmcm_drp/clk100
    SLICE_X77Y101        FDRE                                         r  u_mmcm_drp/timer_us_reg[6]/C
                         clock pessimism             -0.188    -0.996    
                         clock uncertainty            0.172    -0.824    
    SLICE_X77Y101        FDRE (Hold_fdre_C_CE)       -0.039    -0.863    u_mmcm_drp/timer_us_reg[6]
  -------------------------------------------------------------------
                         required time                          0.863    
                         arrival time                           1.858    
  -------------------------------------------------------------------
                         slack                                  2.721    

Slack (MET) :             2.721ns  (arrival time - required time)
  Source:                 u_clk_gen/mmcm_inst/DCLK
                            (rising edge-triggered cell MMCME2_ADV clocked by sys_clk_pin  {rise@0.000ns fall@5.000ns period=10.000ns})
  Destination:            u_mmcm_drp/timer_us_reg[9]/CE
                            (rising edge-triggered cell FDRE clocked by clk100_unbuf  {rise@0.000ns fall@5.000ns period=10.000ns})
  Path Group:             clk100_unbuf
  Path Type:              Hold (Min at Fast Process Corner)
  Requirement:            0.000ns  (clk100_unbuf rise@0.000ns - sys_clk_pin rise@0.000ns)
  Data Path Delay:        1.045ns  (logic 0.331ns (31.676%)  route 0.714ns (68.324%))
  Logic Levels:           1  (LUT4=1)
  Clock Path Skew:        -1.809ns (DCD - SCD - CPR)
    Destination Clock Delay (DCD):    -0.808ns
    Source Clock Delay      (SCD):    0.813ns
    Clock Pessimism Removal (CPR):    0.188ns
  Clock Uncertainty:      0.172ns  ((TSJ^2 + DJ^2)^1/2) / 2 + PE
    Total System Jitter     (TSJ):    0.071ns
    Discrete Jitter          (DJ):    0.129ns
    Phase Error              (PE):    0.099ns

    Location             Delay type                Incr(ns)  Path(ns)    Netlist Resource(s)
  -------------------------------------------------------------------    -------------------
                         (clock sys_clk_pin rise edge)
                                                      0.000     0.000 r  
    E3                                                0.000     0.000 r  CLK100MHZ (IN)
                         net (fo=0)                   0.000     0.000    CLK100MHZ
    E3                   IBUF (Prop_ibuf_I_O)         0.250     0.250 r  CLK100MHZ_IBUF_inst/O
                         net (fo=2, routed)           0.563     0.813    u_clk_gen/clk100mhz_in
    MMCME2_ADV_X1Y2      MMCME2_ADV                                   r  u_clk_gen/mmcm_inst/DCLK
  -------------------------------------------------------------------    -------------------
    MMCME2_ADV_X1Y2      MMCME2_ADV (Prop_mmcme2_adv_DCLK_DRDY)
                                                      0.286     1.099 r  u_clk_gen/mmcm_inst/DRDY
                         net (fo=2, routed)           0.347     1.445    u_mmcm_drp/drp_drdy
    SLICE_X88Y101        LUT4 (Prop_lut4_I3_O)        0.045     1.490 r  u_mmcm_drp/timer_us[23]_i_1/O
                         net (fo=24, routed)          0.367     1.858    u_mmcm_drp/timer_us[23]_i_1_n_0
    SLICE_X77Y101        FDRE                                         r  u_mmcm_drp/timer_us_reg[9]/CE
  -------------------------------------------------------------------    -------------------

                         (clock clk100_unbuf rise edge)
                                                      0.000     0.000 r  
    E3                                                0.000     0.000 r  CLK100MHZ (IN)
                         net (fo=0)                   0.000     0.000    CLK100MHZ
    E3                   IBUF (Prop_ibuf_I_O)         0.438     0.438 r  CLK100MHZ_IBUF_inst/O
                         net (fo=2, routed)           0.480     0.918    u_clk_gen/clk100mhz_in
    MMCME2_ADV_X1Y2      MMCME2_ADV (Prop_mmcme2_adv_CLKIN1_CLKOUT1)
                                                     -3.163    -2.245 r  u_clk_gen/mmcm_inst/CLKOUT1
                         net (fo=1, routed)           0.544    -1.702    u_clk_gen/clk100_unbuf
    BUFGCTRL_X0Y16       BUFG (Prop_bufg_I_O)         0.029    -1.673 r  u_clk_gen/bufg_100/O
                         net (fo=863, routed)         0.865    -0.808    u_mmcm_drp/clk100
    SLICE_X77Y101        FDRE                                         r  u_mmcm_drp/timer_us_reg[9]/C
                         clock pessimism             -0.188    -0.996    
                         clock uncertainty            0.172    -0.824    
    SLICE_X77Y101        FDRE (Hold_fdre_C_CE)       -0.039    -0.863    u_mmcm_drp/timer_us_reg[9]
  -------------------------------------------------------------------
                         required time                          0.863    
                         arrival time                           1.858    
  -------------------------------------------------------------------
                         slack                                  2.721    

Slack (MET) :             2.812ns  (arrival time - required time)
  Source:                 u_clk_gen/mmcm_inst/DCLK
                            (rising edge-triggered cell MMCME2_ADV clocked by sys_clk_pin  {rise@0.000ns fall@5.000ns period=10.000ns})
  Destination:            u_mmcm_drp/FSM_onehot_state_reg[4]/CE
                            (rising edge-triggered cell FDRE clocked by clk100_unbuf  {rise@0.000ns fall@5.000ns period=10.000ns})
  Path Group:             clk100_unbuf
  Path Type:              Hold (Min at Fast Process Corner)
  Requirement:            0.000ns  (clk100_unbuf rise@0.000ns - sys_clk_pin rise@0.000ns)
  Data Path Delay:        1.168ns  (logic 0.376ns (32.180%)  route 0.792ns (67.820%))
  Logic Levels:           2  (LUT6=2)
  Clock Path Skew:        -1.800ns (DCD - SCD - CPR)
    Destination Clock Delay (DCD):    -0.799ns
    Source Clock Delay      (SCD):    0.813ns
    Clock Pessimism Removal (CPR):    0.188ns
  Clock Uncertainty:      0.172ns  ((TSJ^2 + DJ^2)^1/2) / 2 + PE
    Total System Jitter     (TSJ):    0.071ns
    Discrete Jitter          (DJ):    0.129ns
    Phase Error              (PE):    0.099ns

    Location             Delay type                Incr(ns)  Path(ns)    Netlist Resource(s)
  -------------------------------------------------------------------    -------------------
                         (clock sys_clk_pin rise edge)
                                                      0.000     0.000 r  
    E3                                                0.000     0.000 r  CLK100MHZ (IN)
                         net (fo=0)                   0.000     0.000    CLK100MHZ
    E3                   IBUF (Prop_ibuf_I_O)         0.250     0.250 r  CLK100MHZ_IBUF_inst/O
                         net (fo=2, routed)           0.563     0.813    u_clk_gen/clk100mhz_in
    MMCME2_ADV_X1Y2      MMCME2_ADV                                   r  u_clk_gen/mmcm_inst/DCLK
  -------------------------------------------------------------------    -------------------
    MMCME2_ADV_X1Y2      MMCME2_ADV (Prop_mmcme2_adv_DCLK_DRDY)
                                                      0.286     1.099 r  u_clk_gen/mmcm_inst/DRDY
                         net (fo=2, routed)           0.421     1.519    u_mmcm_drp/drp_drdy
    SLICE_X89Y102        LUT6 (Prop_lut6_I5_O)        0.045     1.564 f  u_mmcm_drp/FSM_onehot_state[9]_i_4/O
                         net (fo=1, routed)           0.178     1.742    u_mmcm_drp/FSM_onehot_state[9]_i_4_n_0
    SLICE_X87Y101        LUT6 (Prop_lut6_I5_O)        0.045     1.787 r  u_mmcm_drp/FSM_onehot_state[9]_i_2/O
                         net (fo=10, routed)          0.194     1.981    u_mmcm_drp/FSM_onehot_state[9]_i_2_n_0
    SLICE_X88Y101        FDRE                                         r  u_mmcm_drp/FSM_onehot_state_reg[4]/CE
  -------------------------------------------------------------------    -------------------

                         (clock clk100_unbuf rise edge)
                                                      0.000     0.000 r  
    E3                                                0.000     0.000 r  CLK100MHZ (IN)
                         net (fo=0)                   0.000     0.000    CLK100MHZ
    E3                   IBUF (Prop_ibuf_I_O)         0.438     0.438 r  CLK100MHZ_IBUF_inst/O
                         net (fo=2, routed)           0.480     0.918    u_clk_gen/clk100mhz_in
    MMCME2_ADV_X1Y2      MMCME2_ADV (Prop_mmcme2_adv_CLKIN1_CLKOUT1)
                                                     -3.163    -2.245 r  u_clk_gen/mmcm_inst/CLKOUT1
                         net (fo=1, routed)           0.544    -1.702    u_clk_gen/clk100_unbuf
    BUFGCTRL_X0Y16       BUFG (Prop_bufg_I_O)         0.029    -1.673 r  u_clk_gen/bufg_100/O
                         net (fo=863, routed)         0.873    -0.799    u_mmcm_drp/clk100
    SLICE_X88Y101        FDRE                                         r  u_mmcm_drp/FSM_onehot_state_reg[4]/C
                         clock pessimism             -0.188    -0.987    
                         clock uncertainty            0.172    -0.815    
    SLICE_X88Y101        FDRE (Hold_fdre_C_CE)       -0.016    -0.831    u_mmcm_drp/FSM_onehot_state_reg[4]
  -------------------------------------------------------------------
                         required time                          0.831    
                         arrival time                           1.981    
  -------------------------------------------------------------------
                         slack                                  2.812    

Slack (MET) :             2.812ns  (arrival time - required time)
  Source:                 u_clk_gen/mmcm_inst/DCLK
                            (rising edge-triggered cell MMCME2_ADV clocked by sys_clk_pin  {rise@0.000ns fall@5.000ns period=10.000ns})
  Destination:            u_mmcm_drp/FSM_onehot_state_reg[5]/CE
                            (rising edge-triggered cell FDRE clocked by clk100_unbuf  {rise@0.000ns fall@5.000ns period=10.000ns})
  Path Group:             clk100_unbuf
  Path Type:              Hold (Min at Fast Process Corner)
  Requirement:            0.000ns  (clk100_unbuf rise@0.000ns - sys_clk_pin rise@0.000ns)
  Data Path Delay:        1.168ns  (logic 0.376ns (32.180%)  route 0.792ns (67.820%))
  Logic Levels:           2  (LUT6=2)
  Clock Path Skew:        -1.800ns (DCD - SCD - CPR)
    Destination Clock Delay (DCD):    -0.799ns
    Source Clock Delay      (SCD):    0.813ns
    Clock Pessimism Removal (CPR):    0.188ns
  Clock Uncertainty:      0.172ns  ((TSJ^2 + DJ^2)^1/2) / 2 + PE
    Total System Jitter     (TSJ):    0.071ns
    Discrete Jitter          (DJ):    0.129ns
    Phase Error              (PE):    0.099ns

    Location             Delay type                Incr(ns)  Path(ns)    Netlist Resource(s)
  -------------------------------------------------------------------    -------------------
                         (clock sys_clk_pin rise edge)
                                                      0.000     0.000 r  
    E3                                                0.000     0.000 r  CLK100MHZ (IN)
                         net (fo=0)                   0.000     0.000    CLK100MHZ
    E3                   IBUF (Prop_ibuf_I_O)         0.250     0.250 r  CLK100MHZ_IBUF_inst/O
                         net (fo=2, routed)           0.563     0.813    u_clk_gen/clk100mhz_in
    MMCME2_ADV_X1Y2      MMCME2_ADV                                   r  u_clk_gen/mmcm_inst/DCLK
  -------------------------------------------------------------------    -------------------
    MMCME2_ADV_X1Y2      MMCME2_ADV (Prop_mmcme2_adv_DCLK_DRDY)
                                                      0.286     1.099 r  u_clk_gen/mmcm_inst/DRDY
                         net (fo=2, routed)           0.421     1.519    u_mmcm_drp/drp_drdy
    SLICE_X89Y102        LUT6 (Prop_lut6_I5_O)        0.045     1.564 f  u_mmcm_drp/FSM_onehot_state[9]_i_4/O
                         net (fo=1, routed)           0.178     1.742    u_mmcm_drp/FSM_onehot_state[9]_i_4_n_0
    SLICE_X87Y101        LUT6 (Prop_lut6_I5_O)        0.045     1.787 r  u_mmcm_drp/FSM_onehot_state[9]_i_2/O
                         net (fo=10, routed)          0.194     1.981    u_mmcm_drp/FSM_onehot_state[9]_i_2_n_0
    SLICE_X88Y101        FDRE                                         r  u_mmcm_drp/FSM_onehot_state_reg[5]/CE
  -------------------------------------------------------------------    -------------------

                         (clock clk100_unbuf rise edge)
                                                      0.000     0.000 r  
    E3                                                0.000     0.000 r  CLK100MHZ (IN)
                         net (fo=0)                   0.000     0.000    CLK100MHZ
    E3                   IBUF (Prop_ibuf_I_O)         0.438     0.438 r  CLK100MHZ_IBUF_inst/O
                         net (fo=2, routed)           0.480     0.918    u_clk_gen/clk100mhz_in
    MMCME2_ADV_X1Y2      MMCME2_ADV (Prop_mmcme2_adv_CLKIN1_CLKOUT1)
                                                     -3.163    -2.245 r  u_clk_gen/mmcm_inst/CLKOUT1
                         net (fo=1, routed)           0.544    -1.702    u_clk_gen/clk100_unbuf
    BUFGCTRL_X0Y16       BUFG (Prop_bufg_I_O)         0.029    -1.673 r  u_clk_gen/bufg_100/O
                         net (fo=863, routed)         0.873    -0.799    u_mmcm_drp/clk100
    SLICE_X88Y101        FDRE                                         r  u_mmcm_drp/FSM_onehot_state_reg[5]/C
                         clock pessimism             -0.188    -0.987    
                         clock uncertainty            0.172    -0.815    
    SLICE_X88Y101        FDRE (Hold_fdre_C_CE)       -0.016    -0.831    u_mmcm_drp/FSM_onehot_state_reg[5]
  -------------------------------------------------------------------
                         required time                          0.831    
                         arrival time                           1.981    
  -------------------------------------------------------------------
                         slack                                  2.812    

Slack (MET) :             2.820ns  (arrival time - required time)
  Source:                 u_clk_gen/mmcm_inst/DCLK
                            (rising edge-triggered cell MMCME2_ADV clocked by sys_clk_pin  {rise@0.000ns fall@5.000ns period=10.000ns})
  Destination:            u_mmcm_drp/timer_us_reg[10]/CE
                            (rising edge-triggered cell FDRE clocked by clk100_unbuf  {rise@0.000ns fall@5.000ns period=10.000ns})
  Path Group:             clk100_unbuf
  Path Type:              Hold (Min at Fast Process Corner)
  Requirement:            0.000ns  (clk100_unbuf rise@0.000ns - sys_clk_pin rise@0.000ns)
  Data Path Delay:        1.144ns  (logic 0.331ns (28.940%)  route 0.813ns (71.060%))
  Logic Levels:           1  (LUT4=1)
  Clock Path Skew:        -1.809ns (DCD - SCD - CPR)
    Destination Clock Delay (DCD):    -0.808ns
    Source Clock Delay      (SCD):    0.813ns
    Clock Pessimism Removal (CPR):    0.188ns
  Clock Uncertainty:      0.172ns  ((TSJ^2 + DJ^2)^1/2) / 2 + PE
    Total System Jitter     (TSJ):    0.071ns
    Discrete Jitter          (DJ):    0.129ns
    Phase Error              (PE):    0.099ns

    Location             Delay type                Incr(ns)  Path(ns)    Netlist Resource(s)
  -------------------------------------------------------------------    -------------------
                         (clock sys_clk_pin rise edge)
                                                      0.000     0.000 r  
    E3                                                0.000     0.000 r  CLK100MHZ (IN)
                         net (fo=0)                   0.000     0.000    CLK100MHZ
    E3                   IBUF (Prop_ibuf_I_O)         0.250     0.250 r  CLK100MHZ_IBUF_inst/O
                         net (fo=2, routed)           0.563     0.813    u_clk_gen/clk100mhz_in
    MMCME2_ADV_X1Y2      MMCME2_ADV                                   r  u_clk_gen/mmcm_inst/DCLK
  -------------------------------------------------------------------    -------------------
    MMCME2_ADV_X1Y2      MMCME2_ADV (Prop_mmcme2_adv_DCLK_DRDY)
                                                      0.286     1.099 r  u_clk_gen/mmcm_inst/DRDY
                         net (fo=2, routed)           0.347     1.445    u_mmcm_drp/drp_drdy
    SLICE_X88Y101        LUT4 (Prop_lut4_I3_O)        0.045     1.490 r  u_mmcm_drp/timer_us[23]_i_1/O
                         net (fo=24, routed)          0.466     1.956    u_mmcm_drp/timer_us[23]_i_1_n_0
    SLICE_X77Y102        FDRE                                         r  u_mmcm_drp/timer_us_reg[10]/CE
  -------------------------------------------------------------------    -------------------

                         (clock clk100_unbuf rise edge)
                                                      0.000     0.000 r  
    E3                                                0.000     0.000 r  CLK100MHZ (IN)
                         net (fo=0)                   0.000     0.000    CLK100MHZ
    E3                   IBUF (Prop_ibuf_I_O)         0.438     0.438 r  CLK100MHZ_IBUF_inst/O
                         net (fo=2, routed)           0.480     0.918    u_clk_gen/clk100mhz_in
    MMCME2_ADV_X1Y2      MMCME2_ADV (Prop_mmcme2_adv_CLKIN1_CLKOUT1)
                                                     -3.163    -2.245 r  u_clk_gen/mmcm_inst/CLKOUT1
                         net (fo=1, routed)           0.544    -1.702    u_clk_gen/clk100_unbuf
    BUFGCTRL_X0Y16       BUFG (Prop_bufg_I_O)         0.029    -1.673 r  u_clk_gen/bufg_100/O
                         net (fo=863, routed)         0.865    -0.808    u_mmcm_drp/clk100
    SLICE_X77Y102        FDRE                                         r  u_mmcm_drp/timer_us_reg[10]/C
                         clock pessimism             -0.188    -0.996    
                         clock uncertainty            0.172    -0.824    
    SLICE_X77Y102        FDRE (Hold_fdre_C_CE)       -0.039    -0.863    u_mmcm_drp/timer_us_reg[10]
  -------------------------------------------------------------------
                         required time                          0.863    
                         arrival time                           1.956    
  -------------------------------------------------------------------
                         slack                                  2.820    

Slack (MET) :             2.820ns  (arrival time - required time)
  Source:                 u_clk_gen/mmcm_inst/DCLK
                            (rising edge-triggered cell MMCME2_ADV clocked by sys_clk_pin  {rise@0.000ns fall@5.000ns period=10.000ns})
  Destination:            u_mmcm_drp/timer_us_reg[13]/CE
                            (rising edge-triggered cell FDRE clocked by clk100_unbuf  {rise@0.000ns fall@5.000ns period=10.000ns})
  Path Group:             clk100_unbuf
  Path Type:              Hold (Min at Fast Process Corner)
  Requirement:            0.000ns  (clk100_unbuf rise@0.000ns - sys_clk_pin rise@0.000ns)
  Data Path Delay:        1.144ns  (logic 0.331ns (28.940%)  route 0.813ns (71.060%))
  Logic Levels:           1  (LUT4=1)
  Clock Path Skew:        -1.809ns (DCD - SCD - CPR)
    Destination Clock Delay (DCD):    -0.808ns
    Source Clock Delay      (SCD):    0.813ns
    Clock Pessimism Removal (CPR):    0.188ns
  Clock Uncertainty:      0.172ns  ((TSJ^2 + DJ^2)^1/2) / 2 + PE
    Total System Jitter     (TSJ):    0.071ns
    Discrete Jitter          (DJ):    0.129ns
    Phase Error              (PE):    0.099ns

    Location             Delay type                Incr(ns)  Path(ns)    Netlist Resource(s)
  -------------------------------------------------------------------    -------------------
                         (clock sys_clk_pin rise edge)
                                                      0.000     0.000 r  
    E3                                                0.000     0.000 r  CLK100MHZ (IN)
                         net (fo=0)                   0.000     0.000    CLK100MHZ
    E3                   IBUF (Prop_ibuf_I_O)         0.250     0.250 r  CLK100MHZ_IBUF_inst/O
                         net (fo=2, routed)           0.563     0.813    u_clk_gen/clk100mhz_in
    MMCME2_ADV_X1Y2      MMCME2_ADV                                   r  u_clk_gen/mmcm_inst/DCLK
  -------------------------------------------------------------------    -------------------
    MMCME2_ADV_X1Y2      MMCME2_ADV (Prop_mmcme2_adv_DCLK_DRDY)
                                                      0.286     1.099 r  u_clk_gen/mmcm_inst/DRDY
                         net (fo=2, routed)           0.347     1.445    u_mmcm_drp/drp_drdy
    SLICE_X88Y101        LUT4 (Prop_lut4_I3_O)        0.045     1.490 r  u_mmcm_drp/timer_us[23]_i_1/O
                         net (fo=24, routed)          0.466     1.956    u_mmcm_drp/timer_us[23]_i_1_n_0
    SLICE_X77Y102        FDRE                                         r  u_mmcm_drp/timer_us_reg[13]/CE
  -------------------------------------------------------------------    -------------------

                         (clock clk100_unbuf rise edge)
                                                      0.000     0.000 r  
    E3                                                0.000     0.000 r  CLK100MHZ (IN)
                         net (fo=0)                   0.000     0.000    CLK100MHZ
    E3                   IBUF (Prop_ibuf_I_O)         0.438     0.438 r  CLK100MHZ_IBUF_inst/O
                         net (fo=2, routed)           0.480     0.918    u_clk_gen/clk100mhz_in
    MMCME2_ADV_X1Y2      MMCME2_ADV (Prop_mmcme2_adv_CLKIN1_CLKOUT1)
                                                     -3.163    -2.245 r  u_clk_gen/mmcm_inst/CLKOUT1
                         net (fo=1, routed)           0.544    -1.702    u_clk_gen/clk100_unbuf
    BUFGCTRL_X0Y16       BUFG (Prop_bufg_I_O)         0.029    -1.673 r  u_clk_gen/bufg_100/O
                         net (fo=863, routed)         0.865    -0.808    u_mmcm_drp/clk100
    SLICE_X77Y102        FDRE                                         r  u_mmcm_drp/timer_us_reg[13]/C
                         clock pessimism             -0.188    -0.996    
                         clock uncertainty            0.172    -0.824    
    SLICE_X77Y102        FDRE (Hold_fdre_C_CE)       -0.039    -0.863    u_mmcm_drp/timer_us_reg[13]
  -------------------------------------------------------------------
                         required time                          0.863    
                         arrival time                           1.956    
  -------------------------------------------------------------------
                         slack                                  2.820    

Slack (MET) :             2.820ns  (arrival time - required time)
  Source:                 u_clk_gen/mmcm_inst/DCLK
                            (rising edge-triggered cell MMCME2_ADV clocked by sys_clk_pin  {rise@0.000ns fall@5.000ns period=10.000ns})
  Destination:            u_mmcm_drp/timer_us_reg[14]/CE
                            (rising edge-triggered cell FDRE clocked by clk100_unbuf  {rise@0.000ns fall@5.000ns period=10.000ns})
  Path Group:             clk100_unbuf
  Path Type:              Hold (Min at Fast Process Corner)
  Requirement:            0.000ns  (clk100_unbuf rise@0.000ns - sys_clk_pin rise@0.000ns)
  Data Path Delay:        1.144ns  (logic 0.331ns (28.940%)  route 0.813ns (71.060%))
  Logic Levels:           1  (LUT4=1)
  Clock Path Skew:        -1.809ns (DCD - SCD - CPR)
    Destination Clock Delay (DCD):    -0.808ns
    Source Clock Delay      (SCD):    0.813ns
    Clock Pessimism Removal (CPR):    0.188ns
  Clock Uncertainty:      0.172ns  ((TSJ^2 + DJ^2)^1/2) / 2 + PE
    Total System Jitter     (TSJ):    0.071ns
    Discrete Jitter          (DJ):    0.129ns
    Phase Error              (PE):    0.099ns

    Location             Delay type                Incr(ns)  Path(ns)    Netlist Resource(s)
  -------------------------------------------------------------------    -------------------
                         (clock sys_clk_pin rise edge)
                                                      0.000     0.000 r  
    E3                                                0.000     0.000 r  CLK100MHZ (IN)
                         net (fo=0)                   0.000     0.000    CLK100MHZ
    E3                   IBUF (Prop_ibuf_I_O)         0.250     0.250 r  CLK100MHZ_IBUF_inst/O
                         net (fo=2, routed)           0.563     0.813    u_clk_gen/clk100mhz_in
    MMCME2_ADV_X1Y2      MMCME2_ADV                                   r  u_clk_gen/mmcm_inst/DCLK
  -------------------------------------------------------------------    -------------------
    MMCME2_ADV_X1Y2      MMCME2_ADV (Prop_mmcme2_adv_DCLK_DRDY)
                                                      0.286     1.099 r  u_clk_gen/mmcm_inst/DRDY
                         net (fo=2, routed)           0.347     1.445    u_mmcm_drp/drp_drdy
    SLICE_X88Y101        LUT4 (Prop_lut4_I3_O)        0.045     1.490 r  u_mmcm_drp/timer_us[23]_i_1/O
                         net (fo=24, routed)          0.466     1.956    u_mmcm_drp/timer_us[23]_i_1_n_0
    SLICE_X77Y102        FDRE                                         r  u_mmcm_drp/timer_us_reg[14]/CE
  -------------------------------------------------------------------    -------------------

                         (clock clk100_unbuf rise edge)
                                                      0.000     0.000 r  
    E3                                                0.000     0.000 r  CLK100MHZ (IN)
                         net (fo=0)                   0.000     0.000    CLK100MHZ
    E3                   IBUF (Prop_ibuf_I_O)         0.438     0.438 r  CLK100MHZ_IBUF_inst/O
                         net (fo=2, routed)           0.480     0.918    u_clk_gen/clk100mhz_in
    MMCME2_ADV_X1Y2      MMCME2_ADV (Prop_mmcme2_adv_CLKIN1_CLKOUT1)
                                                     -3.163    -2.245 r  u_clk_gen/mmcm_inst/CLKOUT1
                         net (fo=1, routed)           0.544    -1.702    u_clk_gen/clk100_unbuf
    BUFGCTRL_X0Y16       BUFG (Prop_bufg_I_O)         0.029    -1.673 r  u_clk_gen/bufg_100/O
                         net (fo=863, routed)         0.865    -0.808    u_mmcm_drp/clk100
    SLICE_X77Y102        FDRE                                         r  u_mmcm_drp/timer_us_reg[14]/C
                         clock pessimism             -0.188    -0.996    
                         clock uncertainty            0.172    -0.824    
    SLICE_X77Y102        FDRE (Hold_fdre_C_CE)       -0.039    -0.863    u_mmcm_drp/timer_us_reg[14]
  -------------------------------------------------------------------
                         required time                          0.863    
                         arrival time                           1.956    
  -------------------------------------------------------------------
                         slack                                  2.820    

Slack (MET) :             2.820ns  (arrival time - required time)
  Source:                 u_clk_gen/mmcm_inst/DCLK
                            (rising edge-triggered cell MMCME2_ADV clocked by sys_clk_pin  {rise@0.000ns fall@5.000ns period=10.000ns})
  Destination:            u_mmcm_drp/timer_us_reg[15]/CE
                            (rising edge-triggered cell FDRE clocked by clk100_unbuf  {rise@0.000ns fall@5.000ns period=10.000ns})
  Path Group:             clk100_unbuf
  Path Type:              Hold (Min at Fast Process Corner)
  Requirement:            0.000ns  (clk100_unbuf rise@0.000ns - sys_clk_pin rise@0.000ns)
  Data Path Delay:        1.144ns  (logic 0.331ns (28.940%)  route 0.813ns (71.060%))
  Logic Levels:           1  (LUT4=1)
  Clock Path Skew:        -1.809ns (DCD - SCD - CPR)
    Destination Clock Delay (DCD):    -0.808ns
    Source Clock Delay      (SCD):    0.813ns
    Clock Pessimism Removal (CPR):    0.188ns
  Clock Uncertainty:      0.172ns  ((TSJ^2 + DJ^2)^1/2) / 2 + PE
    Total System Jitter     (TSJ):    0.071ns
    Discrete Jitter          (DJ):    0.129ns
    Phase Error              (PE):    0.099ns

    Location             Delay type                Incr(ns)  Path(ns)    Netlist Resource(s)
  -------------------------------------------------------------------    -------------------
                         (clock sys_clk_pin rise edge)
                                                      0.000     0.000 r  
    E3                                                0.000     0.000 r  CLK100MHZ (IN)
                         net (fo=0)                   0.000     0.000    CLK100MHZ
    E3                   IBUF (Prop_ibuf_I_O)         0.250     0.250 r  CLK100MHZ_IBUF_inst/O
                         net (fo=2, routed)           0.563     0.813    u_clk_gen/clk100mhz_in
    MMCME2_ADV_X1Y2      MMCME2_ADV                                   r  u_clk_gen/mmcm_inst/DCLK
  -------------------------------------------------------------------    -------------------
    MMCME2_ADV_X1Y2      MMCME2_ADV (Prop_mmcme2_adv_DCLK_DRDY)
                                                      0.286     1.099 r  u_clk_gen/mmcm_inst/DRDY
                         net (fo=2, routed)           0.347     1.445    u_mmcm_drp/drp_drdy
    SLICE_X88Y101        LUT4 (Prop_lut4_I3_O)        0.045     1.490 r  u_mmcm_drp/timer_us[23]_i_1/O
                         net (fo=24, routed)          0.466     1.956    u_mmcm_drp/timer_us[23]_i_1_n_0
    SLICE_X77Y102        FDRE                                         r  u_mmcm_drp/timer_us_reg[15]/CE
  -------------------------------------------------------------------    -------------------

                         (clock clk100_unbuf rise edge)
                                                      0.000     0.000 r  
    E3                                                0.000     0.000 r  CLK100MHZ (IN)
                         net (fo=0)                   0.000     0.000    CLK100MHZ
    E3                   IBUF (Prop_ibuf_I_O)         0.438     0.438 r  CLK100MHZ_IBUF_inst/O
                         net (fo=2, routed)           0.480     0.918    u_clk_gen/clk100mhz_in
    MMCME2_ADV_X1Y2      MMCME2_ADV (Prop_mmcme2_adv_CLKIN1_CLKOUT1)
                                                     -3.163    -2.245 r  u_clk_gen/mmcm_inst/CLKOUT1
                         net (fo=1, routed)           0.544    -1.702    u_clk_gen/clk100_unbuf
    BUFGCTRL_X0Y16       BUFG (Prop_bufg_I_O)         0.029    -1.673 r  u_clk_gen/bufg_100/O
                         net (fo=863, routed)         0.865    -0.808    u_mmcm_drp/clk100
    SLICE_X77Y102        FDRE                                         r  u_mmcm_drp/timer_us_reg[15]/C
                         clock pessimism             -0.188    -0.996    
                         clock uncertainty            0.172    -0.824    
    SLICE_X77Y102        FDRE (Hold_fdre_C_CE)       -0.039    -0.863    u_mmcm_drp/timer_us_reg[15]
  -------------------------------------------------------------------
                         required time                          0.863    
                         arrival time                           1.956    
  -------------------------------------------------------------------
                         slack                                  2.820    





